feature_name,definition
upper_shadow_pct,"(High - max(Open, Close)) / Close * 100"
lower_shadow_pct,"(min(Open, Close) - Low) / Close * 100"
body_pct,(Close - Open) / Close * 100
prev_upper_shadow_pct,前一交易日 upper_shadow_pct
prev_lower_shadow_pct,前一交易日 lower_shadow_pct
prev_body_pct,前一交易日 body_pct
open_pattern_pct,(Open_t - Close_t-1) / Close_t * 100
close_pattern_pct,(Close_t - Close_t-1) / Close_t * 100
volume_vs_ma5_ratio,(Volume_t - MA5(Volume)_t) / Volume_t
trend_5d_pct,(Close_t-2 - Close_t-7) / Close_t-7 * 100
