rank,stock_id,name,market_cap_date,ticker
51,1326,台化,current_snapshot,1326.TW
52,3481,群創,current_snapshot,3481.TW
53,2379,瑞昱,current_snapshot,2379.TW
54,4904,遠傳,current_snapshot,4904.TW
55,6770,力積電,current_snapshot,6770.TW
56,3661,世芯-KY,current_snapshot,3661.TW
57,2449,京元電子,current_snapshot,2449.TW
58,3034,聯詠,current_snapshot,3034.TW
59,2615,萬海,current_snapshot,2615.TW
60,2313,華通,current_snapshot,2313.TW
61,2801,彰銀,current_snapshot,2801.TW
62,2002,中鋼,current_snapshot,2002.TW
63,2207,和泰車,current_snapshot,2207.TW
64,1590,亞德客-KY,current_snapshot,1590.TW
65,3044,健鼎,current_snapshot,3044.TW
66,1519,華城,current_snapshot,1519.TW
67,2337,旺宏,current_snapshot,2337.TW
68,3036,文曄,current_snapshot,3036.TW
69,4938,和碩,current_snapshot,4938.TW
70,2376,技嘉,current_snapshot,2376.TW
71,2356,英業達,current_snapshot,2356.TW
72,2618,長榮航,current_snapshot,2618.TW
73,6515,穎崴,current_snapshot,6515.TW
74,2912,統一超,current_snapshot,2912.TW
75,5876,上海商銀,current_snapshot,5876.TW
76,6239,力成,current_snapshot,6239.TW
77,2609,陽明,current_snapshot,2609.TW
78,5871,中租-KY,current_snapshot,5871.TW
79,2404,漢唐,current_snapshot,2404.TW
80,2409,友達,current_snapshot,2409.TW
81,6213,聯茂,current_snapshot,6213.TW
82,3533,嘉澤,current_snapshot,3533.TW
83,1101,台泥,current_snapshot,1101.TW
84,2324,仁寶,current_snapshot,2324.TW
85,6139,亞翔,current_snapshot,6139.TW
86,1802,台玻,current_snapshot,1802.TW
87,2834,臺企銀,current_snapshot,2834.TW
88,1605,華新,current_snapshot,1605.TW
89,1504,東元,current_snapshot,1504.TW
90,3702,大聯大,current_snapshot,3702.TW
91,7750,新代,current_snapshot,7750.TW
92,6415,矽力*-KY,current_snapshot,6415.TW
93,6805,富世達,current_snapshot,6805.TW
94,1402,遠東新,current_snapshot,1402.TW
95,6531,愛普*,current_snapshot,6531.TW
96,6789,采鈺,current_snapshot,6789.TW
97,6919,康霈*,current_snapshot,6919.TW
98,3532,台勝科,current_snapshot,3532.TW
99,2347,聯強,current_snapshot,2347.TW
100,2492,華新科,current_snapshot,2492.TW
