pattern_id,direction,source_cluster_id,representative_date,representative_ticker,frequency,hit_rate_5pct,hit_rate_5pct_pct,mean_future_return_3d_pct,median_future_return_3d_pct,std_future_return_3d_pct,mean_directional_return_pct,mean_similarity,min_similarity,pattern_score
bearish_cluster_5_rep_1,bearish,5,2020/3/13,6139.TW,95,0.326315789,32.63157895,-1.8072051,-1.277372263,7.752088041,1.8072051,0.509410637,0.471631911,1.371173175
bearish_cluster_11_rep_3,bearish,11,2025/4/7,3661.TW,95,0.315789474,31.57894737,-1.97031299,-1.444447835,7.975979567,1.97031299,0.476829735,0.433519959,1.354175547
bearish_cluster_11_rep_2,bearish,11,2025/4/7,1519.TW,95,0.305263158,30.52631579,-1.523322555,-1.136363636,8.008128966,1.523322555,0.445043346,0.413818469,0.944598702
bearish_cluster_11_rep_1,bearish,11,2025/4/7,6805.TW,95,0.315789474,31.57894737,-1.38572045,-1.206436386,8.790854292,1.38572045,0.444236768,0.395955077,0.887291955
bearish_cluster_5_rep_3,bearish,5,2020/3/13,1519.TW,95,0.315789474,31.57894737,-1.194640584,-0.440528634,7.902788664,1.194640584,0.496126148,0.461288211,0.854290936
bearish_cluster_0_rep_3,bearish,0,2023/10/30,1519.TW,95,0.221052632,22.10526316,-1.011024803,-0.158981915,6.845588889,1.011024803,0.646024179,0.622635015,0.658999431
bearish_cluster_5_rep_2,bearish,5,2020/3/13,2376.TW,95,0.263157895,26.31578947,-0.780348735,0,6.546007321,0.780348735,0.507328515,0.477425152,0.475524803
bearish_cluster_0_rep_2,bearish,0,2024/9/24,3661.TW,95,0.189473684,18.94736842,-0.699880413,0,5.610726532,0.699880413,0.629077441,0.608358198,0.38076377
bearish_cluster_6_rep_3,bearish,6,2023/4/21,2337.TW,95,0.084210526,8.421052632,-0.623003044,-0.267385788,3.186960077,0.623003044,0.80814343,0.794756734,0.193519068
bearish_cluster_3_rep_2,bearish,3,2019/5/9,3034.TW,95,0.168421053,16.84210526,-0.361666595,-1.498127341,5.964033389,0.361666595,0.60640962,0.587710313,0.168596915
bearish_cluster_6_rep_2,bearish,6,2018/10/5,6239.TW,95,0.073684211,7.368421053,-0.604396865,-0.511508951,3.030286792,0.604396865,0.807226997,0.790324675,0.164085832
bearish_cluster_10_rep_2,bearish,10,2021/2/23,2492.TW,95,0.2,20,-0.199271647,-0.704225352,6.855089523,0.199271647,0.552550859,0.529119378,0.100513994
bearish_cluster_8_rep_1,bearish,8,2025/3/26,2618.TW,95,0.063157895,6.315789474,-0.102428243,-0.213224489,3.436845369,0.102428243,0.792557826,0.777408115,0.023402222
bearish_cluster_0_rep_1,bearish,0,2018/10/5,6531.TW,95,0.136842105,13.68421053,0.335644318,0.700525394,5.511791066,-0.335644318,0.629560747,0.605304028,0
bearish_cluster_10_rep_1,bearish,10,2022/11/15,1605.TW,95,0.284210526,28.42105263,0.137408027,-0.693481276,7.8307012,-0.137408027,0.575924081,0.545994027,0
bearish_cluster_2_rep_1,bearish,2,2024/3/29,3036.TW,95,0.063157895,6.315789474,0.655117895,0.208333226,4.420109397,-0.655117895,0.706663202,0.689816594,0
bearish_cluster_1_rep_3,bearish,1,2023/12/1,6531.TW,95,0.021052632,2.105263158,0.228496932,0.277012507,3.989431032,-0.228496932,0.715172082,0.698165496,0
bearish_cluster_10_rep_3,bearish,10,2021/4/28,2409.TW,95,0.221052632,22.10526316,0.982037335,1.010107849,8.050048548,-0.982037335,0.557765762,0.533079318,0
bearish_cluster_1_rep_2,bearish,1,2020/7/3,2313.TW,95,0.010526316,1.052631579,0.911668321,0.207039337,3.893585219,-0.911668321,0.77059332,0.757849043,0
bearish_cluster_1_rep_1,bearish,1,2020/8/28,1590.TW,95,0.042105263,4.210526316,1.3455183,0.253164557,5.225796975,-1.3455183,0.730228934,0.712875967,0
bearish_cluster_4_rep_2,bearish,4,2021/11/19,6415.TW,95,0.105263158,10.52631579,0.781975828,0.746271525,4.907276151,-0.781975828,0.690182161,0.672385664,0
bearish_cluster_4_rep_1,bearish,4,2024/5/2,3661.TW,95,0.126315789,12.63157895,0.442867468,-0.197238659,5.095523313,-0.442867468,0.627506995,0.608844429,0
bearish_cluster_3_rep_3,bearish,3,2023/9/19,3044.TW,95,0.063157895,6.315789474,0.848706812,0.381198302,4.418970841,-0.848706812,0.651196836,0.63084315,0
bearish_cluster_3_rep_1,bearish,3,2020/8/12,2313.TW,95,0.094736842,9.473684211,0.720917303,-0.489596083,6.049393128,-0.720917303,0.643414755,0.628275118,0
bearish_cluster_2_rep_2,bearish,2,2025/11/17,3036.TW,95,0.063157895,6.315789474,0.921529914,0.90089863,4.582861648,-0.921529914,0.684647287,0.664350064,0
bearish_cluster_2_rep_3,bearish,2,2024/3/5,6789.TW,95,0.031578947,3.157894737,0.392509659,0.145989836,3.466347937,-0.392509659,0.712717967,0.697171869,0
bearish_cluster_6_rep_1,bearish,6,2022/9/21,4938.TW,95,0.021052632,2.105263158,0.101311267,0,2.940373555,-0.101311267,0.780671605,0.769547871,0
bearish_cluster_4_rep_3,bearish,4,2021/11/18,6415.TW,95,0.073684211,7.368421053,0.031596144,-0.638973995,4.388148331,-0.031596144,0.675304505,0.657995913,0
bearish_cluster_7_rep_1,bearish,7,2019/7/17,3481.TW,95,0.084210526,8.421052632,0.231345722,-0.598804652,4.790647454,-0.231345722,0.668926585,0.64428677,0
bearish_cluster_7_rep_2,bearish,7,2024/12/25,6515.TW,95,0.094736842,9.473684211,1.330172376,0.115874855,6.502548987,-1.330172376,0.611409361,0.585325903,0
bearish_cluster_7_rep_3,bearish,7,2023/12/14,2449.TW,95,0.063157895,6.315789474,0.577262251,0.205547922,4.193900571,-0.577262251,0.633786832,0.608574177,0
bearish_cluster_8_rep_2,bearish,8,2018/9/6,1101.TW,95,0.010526316,1.052631579,0.251615042,0.428267151,3.091663834,-0.251615042,0.805326379,0.794936972,0
bearish_cluster_8_rep_3,bearish,8,2025/6/18,2409.TW,95,0.042105263,4.210526316,0.113717469,-0.290701455,3.088858316,-0.113717469,0.787689863,0.775710948,0
bearish_cluster_9_rep_1,bearish,9,2018/9/14,3533.TW,95,0.136842105,13.68421053,0.046940174,-0.85106383,6.338579053,-0.046940174,0.603499629,0.58220202,0
bearish_cluster_9_rep_2,bearish,9,2018/12/21,2492.TW,95,0.157894737,15.78947368,0.341075236,-0.729927007,6.501086539,-0.341075236,0.59307717,0.575914631,0
bearish_cluster_9_rep_3,bearish,9,2019/5/7,1590.TW,95,0.063157895,6.315789474,0.149265831,-0.660792952,4.007895214,-0.149265831,0.631424143,0.612614075,0
