date,ticker,stock_id,name,rank,market_cap_date,open,high,low,close,adj_close,volume,dividends,stock_splits,is_ex_dividend,is_ex_right_or_split,is_corporate_action_day,corporate_action_type,is_corporate_action_window,upper_shadow_pct,lower_shadow_pct,body_pct,prev_upper_shadow_pct,prev_lower_shadow_pct,prev_body_pct,prev_close,open_pattern_pct,close_pattern_pct,volume_ma5,volume_vs_ma5_ratio,trend_5d_pct,future_close_3d,future_return_3d,future_return_3d_pct,target_3d,is_bullish_candidate,is_bearish_candidate,event_window_t_plus_1,event_window_t_plus_2,event_window_t_plus_3,future_has_event_window,daily_return_pct,return_3d_pct,return_5d_pct,return_10d_pct,rolling_high_10d,rolling_low_10d,drawdown_from_high_10d_pct,rebound_from_low_10d_pct,volume_ma3,volume_ma5_context,volume_ma10,volume_ratio_3d_10d,volume_ratio_5d_10d,volume_ratio_today_10d,is_up_day,is_down_day,up_days_10d,down_days_3d,volatility_10d,avg_abs_body_3d,avg_upper_shadow_3d,avg_lower_shadow_3d,cluster_id,distance_to_cluster_center,center_similarity,representative_rank_in_cluster
2018-10-05,6531.TW,6531,愛普*,95,current_snapshot,25.5,25.75,24.0,24.325000762939453,21.62720489501953,859926.0,0.0,0.0,False,False,False,,False,1.0277491969533232,1.3360770924809613,-4.830418089238978,1.1741653464529065,0.0,-2.152646422045278,25.549999237060547,-0.2055467029490235,-5.035964792188002,744545.2,0.1341752662438396,-8.96551855679216,21.450000762939453,-0.1181911576496321,-11.819115764963218,bearish,False,True,False,False,False,False,-4.794514718983711,-12.025312482689888,-9.907404581705725,-16.120687024346715,29.75,24.0,-18.235291553144695,1.3541698455810547,894809.3333333334,744545.2,590878.6,1.5143708594850676,1.260064588563539,1.4553344798745462,0.0,1.0,3.0,3.0,2.5927899424017715,3.5271841005626747,0.9864953256817811,0.44535903082698725,0,2.2418786709723646,0.30846311706664253,1
2024-09-24,3661.TW,3661,世芯-KY,56,current_snapshot,2300.0,2300.0,2155.0,2185.0,2147.710205078125,2575779.0,0.0,0.0,False,False,False,,False,0.0,1.3729977116704806,-5.263157894736842,0.8695652173913043,0.217391304347826,-1.956521739130435,2300.0,0.0,-5.263157894736842,1916394.4,0.2559942448478693,-4.517453798767967,2020.0,-0.0755148741418764,-7.55148741418764,bearish,False,True,False,False,False,False,-5.000000000000004,-7.610993657505283,-8.958333333333336,-8.768267223382043,2445.0,2155.0,-10.63394683026585,1.39211136890951,1811648.6666666667,1916394.4,1590583.2,1.138983906448067,1.2048375715272235,1.6193928113914444,0.0,1.0,3.0,3.0,3.7981991932417767,3.553513282973681,0.5049088359046287,0.7451834354469633,0,2.4542986280366876,0.28949436851913635,2
2023-10-30,1519.TW,1519,華城,66,current_snapshot,190.0826416015625,190.4582977294922,181.81817626953125,183.32081604003903,176.2562255859375,10584874.0,0.0,0.0,False,False,False,,False,0.2049173334727249,0.8196776574350516,-3.688520326053201,0.7968100411205636,0.3984050205602818,-4.581673919270349,188.5800170898437,0.8196693338908998,-2.8688509921623013,10059621.0,0.0496229808687377,0.5758216049189252,168.670166015625,-0.0799180929961286,-7.9918092996128625,bearish,False,True,False,False,False,False,-2.788843235335514,-6.333967487106051,-11.594200445718828,-14.834205080055774,221.26220703125,181.81817626953125,-17.147705204735807,0.8264518990005909,9257685.333333334,10059621.0,9432471.2,0.9814697693784991,1.0664883874758082,1.1221740067438533,0.0,1.0,3.0,2.0,2.973362439933469,3.6473162031764397,0.8428132415326471,0.7877082307321474,0,2.458117928355274,0.2891746379729777,3
2020-08-28,1590.TW,1590,亞德客-KY,64,current_snapshot,680.0428466796875,691.904052734375,674.1121826171875,688.938720703125,614.0390014648438,1178435.0,0.0,0.0,False,False,False,,False,0.4304202887919563,0.8608405775839126,1.2912431477734982,1.171302492240876,1.3177198242196415,-0.4392429550389848,675.1006469726562,0.7173641948861987,2.008607342659697,1170413.0,0.0068073334549635,1.5105733136183206,652.3666381835938,-0.0530846669239407,-5.308466692394076,bearish,False,True,False,False,False,False,2.049779361421522,2.8023631596568066,7.066048541041714,4.497748834284709,693.8809204101562,616.7830200195312,-0.712254734444906,11.698717108215595,944206.3333333334,1170413.0,1038434.2,0.9092596654976631,1.127094042164636,1.1348191344237315,1.0,0.0,6.0,1.0,2.5167268404720975,1.420083813244548,0.5339075936776111,0.9245994078542746,1,1.4883010301556434,0.4018806357755878,1
2020-07-03,2313.TW,2313,華通,60,current_snapshot,48.54999923706055,49.150001525878906,48.09999847412109,48.5,38.62590408325195,33344320.0,0.0,0.0,False,False,False,,False,1.2371181212749678,0.8247454141833118,-0.1030912104341172,0.4166682561238606,0.7291714350382488,0.6249984105428059,48.0,1.1340190454856636,1.0309278350515465,30412098.8,0.0879376517499831,1.287558601856104,45.400001525878906,-0.0639174943117751,-6.391749431177518,bearish,False,True,False,False,False,False,1.041666666666674,1.6771472206811966,2.972402486696768,5.320305762280486,49.150001525878906,45.79999923706055,-1.3224852608329285,5.895198270559487,30089829.0,30412098.8,28857803.4,1.0426929791891228,1.0538604889102545,1.1554697888058938,1.0,0.0,5.0,1.0,1.9449815926152425,0.8076677438068427,0.8337490745378116,0.5179722830738536,1,1.541150932719686,0.3935224732714882,2
2023-12-01,6531.TW,6531,愛普*,95,current_snapshot,467.5,474.0,466.0,469.0,446.9822692871094,4252957.0,0.0,0.0,False,False,False,,False,1.0660980810234542,0.3198294243070362,0.3198294243070362,1.0683760683760684,0.641025641025641,0.0,468.0,-0.1066098081023454,0.2132196162046908,5444283.6,-0.280117245483554,4.088397790055249,436.5,-0.0692963752665245,-6.929637526652455,bearish,False,True,False,False,False,False,0.21367521367521292,5.5118110236220375,4.921700223713654,2.8508771929824483,474.0,428.5,-1.0548523206751037,9.451575262543766,6496295.0,5444283.6,4867053.9,1.334748933024966,1.118599405689754,0.8738257449747987,1.0,0.0,5.0,1.0,2.70056995359985,1.8051236085269728,0.7114913831331732,0.32028502177755847,1,1.640964722270428,0.3786495107516255,3
2024-03-29,3036.TW,3036,文曄,68,current_snapshot,150.0,151.5,146.5,149.0,136.09490966796875,6973000.0,0.0,0.0,False,False,False,,False,1.006711409395973,1.6778523489932886,-0.6711409395973155,1.0,0.3333333333333333,-1.3333333333333337,150.0,0.0,-0.6711409395973155,7207324.2,-0.0336045030833214,-5.3627760252365935,140.5,-0.0570469798657717,-5.7046979865771785,bearish,False,True,False,False,False,False,-0.666666666666671,-4.487179487179482,-6.2893081761006275,-3.8709677419354827,167.5,146.5,-11.044776119402988,1.7064846416382284,8041099.666666667,7207324.2,10629786.6,0.7564685886230931,0.6780309399626142,0.6559868285596627,0.0,1.0,4.0,2.0,2.8178066328410893,1.7792692020879934,0.7800149142431035,0.6703952274422077,2,1.562744207130469,0.3902067156049532,1
2025-11-17,3036.TW,3036,文曄,68,current_snapshot,148.0,149.5,142.5,143.0,139.03314208984375,7923488.0,0.0,0.0,False,False,False,,False,1.048951048951049,0.3496503496503496,-3.4965034965034967,1.3605442176870748,0.6802721088435374,-0.6802721088435374,147.0,0.6993006993006993,-2.797202797202797,6825455.0,0.1385794993316075,-2.922077922077922,134.0,-0.0629370629370629,-6.293706293706292,bearish,False,True,False,False,False,False,-2.7210884353741527,-1.718213058419249,-2.7210884353741527,-2.3890784982935176,163.0,142.5,-12.269938650306745,0.35087719298245723,7126301.0,6825455.0,9426829.2,0.7559594905994479,0.7240456844174074,0.8405252531784495,0.0,1.0,3.0,2.0,2.896800838590702,2.172637576364283,1.1376132494144928,0.9007210870564912,2,1.5931938363904727,0.38562485610097064,2
2024-03-05,6789.TW,6789,采鈺,96,current_snapshot,310.0,314.0,303.0,305.5,298.97393798828125,2326848.0,0.0,0.0,False,False,False,,False,1.309328968903437,0.8183306055646482,-1.4729950900163666,0.975609756097561,0.8130081300813009,-1.3008130081300813,307.5,0.8183306055646482,-0.6546644844517185,3303620.6,-0.4197835870671398,-0.6504065040650406,282.5,-0.0752864157119476,-7.528641571194761,bearish,False,True,False,False,False,False,-0.6504065040650375,-0.48859934853420217,-3.1695721077654504,0.0,333.0,293.0,-8.258258258258255,4.266211604095571,2388195.3333333335,3303620.6,5006528.0,0.4770162742190463,0.6598626033850206,0.464762805680903,0.0,1.0,4.0,2.0,3.2295721682523295,1.4156010627209359,0.87075698907562,0.8711118207745091,2,1.6457241490712724,0.37796835333382345,3
2020-08-12,2313.TW,2313,華通,60,current_snapshot,53.0,53.900001525878906,52.400001525878906,53.09999847412109,43.32741165161133,62531135.0,0.0,0.0,False,False,False,,False,1.5065971275831642,1.129940661699849,0.1883210489541335,1.9047619047619049,1.3333347865513392,1.5238080705915178,52.5,0.9416196127457156,1.129940661699849,58607976.8,0.0627392770017688,5.154639175257731,50.20000076293945,-0.0546138944353262,-5.461389443532627,bearish,False,True,False,False,False,False,1.1428542364211092,0.568180381430694,1.1428542364211092,12.380949151579014,54.70000076293945,47.400001525878906,-2.9250498473528452,12.025309630275348,60518174.333333336,58607976.8,48602615.9,1.245162903532798,1.2058605429918845,1.2865796180324525,1.0,0.0,6.0,1.0,2.8189999343594345,1.7471797960972735,2.1175118343111023,0.8210918160837295,3,2.1621298638041266,0.316242546344056,1
2019-05-09,3034.TW,3034,聯詠,58,current_snapshot,218.5,224.0,214.0,217.5,125.78987884521484,6376451.0,0.0,0.0,False,False,False,,False,2.528735632183908,1.6091954022988506,-0.4597701149425287,2.7649769585253456,1.6129032258064515,0.2304147465437788,217.0,0.6896551724137931,0.2298850574712643,6575356.8,-0.0311938098481427,10.75,202.5,-0.0689655172413793,-6.896551724137934,bearish,False,True,False,False,False,False,0.23041474654377225,6.87960687960687,8.749999999999991,9.84848484848484,224.0,196.0,-2.9017857142857095,10.969387755102034,7568830.0,6575356.8,5084432.5,1.4886282785738625,1.2932331779407042,1.2541126271221026,1.0,0.0,6.0,1.0,3.4479799479387223,3.014109777004089,1.764570863569751,1.0740328760351014,3,2.2677568316120467,0.30602032266479295,2
2023-09-19,3044.TW,3044,健鼎,65,current_snapshot,210.0,216.5,208.0,212.0,190.8800201416016,13763033.0,0.0,0.0,False,False,False,,False,2.1226415094339623,0.9433962264150944,0.9433962264150944,1.699029126213592,0.9708737864077668,-1.2135922330097086,206.0,1.8867924528301887,2.830188679245284,14252742.8,-0.0355815320649162,6.8181818181818175,192.5,-0.0919811320754716,-9.198113207547165,bearish,False,True,False,False,False,False,2.9126213592232997,3.9215686274509887,9.278350515463906,8.717948717948708,217.5,191.5,-2.5287356321839094,10.704960835509137,13038708.333333334,14252742.8,11331908.4,1.150618931347286,1.2577530894972642,1.214537967850146,1.0,0.0,6.0,1.0,2.3364878076214253,1.6646226306829703,2.2195166894238896,0.7956944171978492,3,2.52677478758567,0.2835451822781606,3
2024-05-02,3661.TW,3661,世芯-KY,56,current_snapshot,3140.0,3205.0,3090.0,3150.0,3065.875244140625,2642052.0,0.0,0.0,False,False,False,,False,1.746031746031746,1.5873015873015872,0.3174603174603174,0.9615384615384616,0.4807692307692308,-0.3205128205128205,3120.0,0.6349206349206349,0.9523809523809524,2781874.4,-0.0529218955569382,13.01989150090416,2760.0,-0.1238095238095238,-12.38095238095238,bearish,False,True,False,False,False,False,0.9615384615384581,1.2861736334405238,5.882352941176472,8.62068965517242,3270.0,2760.0,-3.669724770642202,14.130434782608692,2732857.0,2781874.4,2949903.7,0.9264224455869525,0.9430390558173135,0.8956400847932764,1.0,0.0,6.0,1.0,4.808009271420538,1.7593243793243802,0.9025234025234031,1.0093569393569402,4,1.986200476637682,0.33487369914492543,1
2021-11-19,6415.TW,6415,矽力*-KY,92,current_snapshot,1325.0,1336.25,1297.5,1312.5,1268.2916259765625,975408.0,0.0,0.0,False,False,False,,False,0.8571428571428572,1.1428571428571428,-0.9523809523809524,1.0367577756833175,1.2252591894439209,-0.6597549481621112,1326.25,-0.0952380952380952,-1.0476190476190477,1213608.8,-0.2442063218673622,9.631147540983608,1137.5,-0.1333333333333333,-13.33333333333333,bearish,False,True,False,False,False,False,-1.0367577756833168,-1.4084507042253502,1.9417475728155331,6.060606060606055,1372.5,1175.0,-4.371584699453557,11.702127659574458,1152953.3333333333,1213608.8,1053750.4,1.094142724247918,1.1517042366010017,0.9256537411516048,0.0,1.0,6.0,2.0,2.8689219832590482,0.8489051132651334,1.1920478744934604,1.3189671263433442,4,2.11406000534695,0.3211241910184663,2
2021-11-18,6415.TW,6415,矽力*-KY,92,current_snapshot,1335.0,1348.75,1310.0,1326.25,1281.578369140625,1208244.0,0.0,0.0,False,False,False,,False,1.0367577756833175,1.2252591894439209,-0.6597549481621112,1.6822429906542056,1.588785046728972,-0.9345794392523364,1337.5,-0.1885014137606032,-0.8482563619227144,1298680.8,-0.074849781997676,10.477178423236516,1176.25,-0.1131008482563619,-11.31008482563619,bearish,False,True,False,False,False,False,-0.8411214953271018,3.2101167315175205,8.597748208802457,10.867293625914321,1372.5,1175.0,-3.3697632058287796,12.872340425531913,1381493.3333333333,1298680.8,1078340.4,1.2811291623065717,1.204332880415127,1.1204662275474424,0.0,1.0,7.0,1.0,2.9298300545204254,1.6269064546467567,1.375817156854292,0.9380147453909634,4,2.19047729155884,0.31343272765041635,3
2020-03-13,6139.TW,6139,亞翔,85,current_snapshot,22.843276977539062,23.687484741210938,22.74395751953125,23.389528274536133,17.794570922851562,1177120.0,0.0,0.0,False,False,False,,False,1.2738883109463388,0.4246321552193948,2.3354523895711345,0.0,1.3779496155085829,-5.511813583566464,25.2269229888916,-10.191082023435175,-7.855629633864039,866707.4,0.2637051447600924,-6.293707091969945,20.95622444152832,-0.1040338994633303,-10.40338994633303,bearish,False,True,False,False,False,False,-7.2834674096581065,-14.363642026537471,-18.793107547181933,-17.65734788127391,29.49762344360352,22.74395751953125,-20.707075540324283,2.8384275447687735,946732.6666666666,866707.4,777486.2,1.2176842066993172,1.11475599181053,1.5140075798129922,0.0,1.0,3.0,3.0,3.0016665993688667,3.8595376488573954,0.6111934416136087,0.6008605902426593,5,3.035998863109853,0.24777013916933346,1
2020-03-13,2376.TW,2376,技嘉,70,current_snapshot,42.95000076293945,45.84999847412109,42.95000076293945,45.0,32.26097106933594,8667992.0,0.0,0.0,False,False,False,,False,1.8888854980468752,0.0,4.555553860134549,0.0,1.8927396963661376,-3.890646305997129,47.54999923706055,-10.222218831380207,-5.66666497124566,8227638.2,0.0508022850044162,-4.81695554238746,40.0,-0.1111111111111111,-11.111111111111116,bearish,False,True,False,False,False,False,-5.3627745067828965,-9.274190757326629,-14.448666719753323,-13.62763662583939,53.400001525878906,42.95000076293945,-15.730339486616051,4.772989989861531,7836352.333333333,8227638.2,6927930.1,1.1311246245589766,1.1876041012596246,1.2511662033079693,0.0,1.0,3.0,3.0,2.364985097110683,3.287732664432905,0.832059702109584,0.6309132321220455,5,3.278092799089499,0.23374902017385613,2
2020-03-13,1519.TW,1519,華城,66,current_snapshot,18.632606506347656,19.346355438232425,18.632606506347656,19.08339500427246,16.643098831176758,2998066.0,0.0,0.0,False,False,False,,False,1.3779541528176114,0.0,2.362202835626892,0.0,1.9963708379914216,-6.71506470826086,20.69872283935547,-10.826775490132876,-8.464572654505984,2510068.0,0.162770932994804,-3.442618147724942,16.64162254333496,-0.1279527285575143,-12.795272855751438,bearish,False,True,False,False,False,False,-7.803997607097324,-16.033059418733497,-18.1964571294016,-12.864494519409808,23.51615333557129,18.632606506347656,-18.849844479427237,2.4193528574288914,2675952.6666666665,2510068.0,1938043.7,1.3807493952105758,1.2951555220349262,1.546954797768492,0.0,1.0,5.0,3.0,3.4350602927910594,3.2521280402704176,1.3082144904526782,0.7786444788692529,5,3.4596670091584945,0.22423198816108303,3
2022-09-21,4938.TW,4938,和碩,69,current_snapshot,63.70000076293945,64.0,62.400001525878906,63.09999847412109,52.20836639404297,8896375.0,0.0,0.0,False,False,False,,False,0.4754346185659325,1.109345428160785,-0.9508752826110376,0.627939884444018,0.0,0.6279458729796852,63.70000076293945,0.0,-0.9508752826110376,8709851.0,0.0209662924505767,-1.251960927471682,59.29999923706055,-0.0602218594128654,-6.02218594128654,bearish,False,True,False,False,False,False,-0.9419188094695441,-0.6299236628014349,-0.47319092198343515,-2.170545001362656,65.5,62.400001525878906,-3.6641244669907036,1.1217899537260045,8071315.333333333,8709851.0,7310408.3,1.1040854357387033,1.1914315374149484,1.2169463913527239,0.0,1.0,4.0,2.0,1.4879438028738332,0.8960575430768941,0.4206189131726809,0.475432603406208,6,1.3493273247683784,0.4256537560591267,1
2018-10-05,6239.TW,6239,力成,76,current_snapshot,81.0,81.0999984741211,79.19999694824219,79.69999694824219,53.148067474365234,2616792.0,0.0,0.0,False,False,False,,False,0.1254686047052593,0.6273525961672294,-1.6311205790911696,0.3703647189670139,0.0,-1.7283969455295138,81.0,0.0,-1.6311205790911696,1889098.6,0.2780860687437136,-1.6726331511697583,69.4000015258789,-0.1292345773746036,-12.923457737460364,bearish,False,True,False,False,False,False,-1.60494203920718,-2.8048817704363516,-4.321735860296172,-5.119051252092632,84.80000305175781,79.19999694824219,-6.014157924502461,0.6313131556390683,2049702.0,1889098.6,1874991.0,1.0931796472623068,1.0075240894489628,1.3956290990196754,0.0,1.0,3.0,2.0,0.9561436797586573,1.1603438730539217,0.40829051326646154,0.37112396447868495,6,1.3846358611458107,0.4193512377690667,2
2023-04-21,2337.TW,2337,旺宏,67,current_snapshot,34.099998474121094,34.25,33.599998474121094,33.70000076293945,31.37970924377441,10068116.0,0.0,0.0,False,False,False,,False,0.4451083753204713,0.2967426900723807,-1.1869368015609243,0.7331378627178768,0.4398871923491265,0.4398760055531255,34.099998474121094,0.0,-1.1869368015609243,6421263.8,0.3622179363050644,-3.5511362866675578,31.799999237060547,-0.0563798659603703,-5.637986596037036,bearish,False,True,False,False,False,False,-1.173013868271,-1.7492667273088625,-2.7417048228119967,-4.125179800836998,35.45000076293945,33.599998474121094,-4.936530218158708,0.29762587309454247,7333285.333333333,6421263.8,6317573.7,1.1607755891052498,1.0164129624637381,1.5936681514297173,0.0,1.0,4.0,2.0,0.8267613281823584,1.033188941363768,0.39274874601278215,0.2946343456249822,6,1.4216556257229493,0.4129406301118743,3
2019-07-17,3481.TW,3481,群創,52,current_snapshot,9.913028717041016,10.560680389404297,9.860159873962402,10.468158721923828,6.920131683349609,233031606.0,0.0,0.0,False,False,False,,False,0.8838389819854128,0.505044339534977,5.303033891912476,1.081077655258352,0.5405437028384443,1.3513495066775745,9.780855178833008,1.262624514196486,6.5656584061089625,124365920.6,0.4663130777204531,-1.7808174767844944,9.926246643066406,-0.051767659743492,-5.176765974349207,bearish,False,True,False,False,False,False,7.0270291352256375,9.999997995747378,7.608690643910454,8.0491054444084,10.560680389404297,9.490073204040527,-0.8760957066108799,10.306406461299655,151286298.33333334,109414776.6,71300970.4,2.12179858821856,1.534548211422379,3.2682809882206034,1.0,0.0,6.0,0.0,2.4038868132951356,2.6728825782777648,0.7459231681641381,0.4394803032073569,7,2.2265443777141294,0.3099291015202022,1
2024-12-25,6515.TW,6515,穎崴,73,current_snapshot,1140.0,1235.0,1135.0,1215.0,1182.976806640625,1621218.0,0.0,0.0,False,False,False,,False,1.646090534979424,0.411522633744856,6.172839506172839,0.4405286343612335,0.881057268722467,4.845814977973569,1135.0,0.411522633744856,6.584362139917696,640490.6,0.6049324643570452,-1.834862385321101,1085.0,-0.1069958847736625,-10.699588477366252,bearish,False,True,False,False,False,False,7.048458149779746,13.023255813953494,8.482142857142861,8.000000000000007,1235.0,1065.0,-1.619433198380571,14.084507042253524,894963.3333333334,640490.6,491375.4,1.82134338294781,1.3034649272226488,3.299347097962169,1.0,0.0,5.0,1.0,3.43179725241919,4.140174547674969,1.00706620286433,0.5866232073644976,7,2.2643682818712416,0.3063379844589005,2
2023-12-14,2449.TW,2449,京元電子,57,current_snapshot,87.61904907226562,91.04762268066406,87.52381134033203,89.04762268066406,83.2356185913086,38628416.0,0.0,0.0,False,False,False,,False,2.2459892131789423,0.1069514593052396,1.6042804573475042,0.0,0.4469256541698382,3.24022889410336,85.23809814453125,2.6737950503999004,4.278075507747405,19651192.6,0.4912762511411288,3.3694310638167018,80.19047546386719,-0.0994652855423183,-9.946528554231836,bearish,False,True,False,False,False,False,4.4692744430704145,12.379808155213578,9.356726680374772,12.922714603370778,91.04762268066406,77.23809814453125,-2.1966526320129187,15.289766086723589,25336509.666666668,19651192.6,14898274.6,1.7006338214941124,1.3190247278701657,2.592811385017699,1.0,0.0,5.0,0.0,2.6170717716492136,2.5461514812460253,0.7874677344830493,0.18462570449169277,7,2.4429603119739163,0.2904477279398787,3
2025-03-26,2618.TW,2618,長榮航,72,current_snapshot,43.75,44.04999923706055,43.650001525878906,43.95000076293945,39.373661041259766,20362139.0,0.0,0.0,False,False,False,,False,0.2275278097501577,0.2275278097501577,0.4550642991298931,0.22857666015625,0.6857125418526786,-0.6857125418526786,43.75,0.0,0.4550642991298931,31460393.6,-0.5450436518481679,2.937720381699243,40.54999923706055,-0.0773606704631945,-7.73606704631945,bearish,False,True,False,False,False,False,0.45714460100445553,0.3424692431318155,3.1690195708304447,-2.1158145448879395,45.04999923706055,42.20000076293945,-2.441728063817983,4.146919356306911,28427875.0,31460393.6,38147057.1,0.7452180367538758,0.8247135163671643,0.5337800750034791,1.0,0.0,5.0,1.0,1.9002174864677361,0.4563612878335624,0.4945011633157473,0.6468797905478909,8,1.1471332939349292,0.4657372706318372,1
2018-09-06,1101.TW,1101,台泥,83,current_snapshot,33.57838439941406,33.94248580932617,33.416561126708984,33.82112121582031,23.82640266418457,15267201.0,0.0,0.0,False,False,False,,False,0.3588426082370367,0.4784680900211639,0.7177077745509702,0.7220261666403986,0.1203339121388833,-0.3610130833201993,33.618839263916016,-0.1196142027456788,0.5980935718052913,21474477.8,-0.4065759532477499,-2.771368797719378,30.746471405029297,-0.0909091626847901,-9.09091626847901,bearish,False,True,False,False,False,False,0.6016922545015069,1.0882776416911266,-0.4761896743812777,-3.01624165462574,35.277530670166016,33.29519271850586,-4.128433670606602,1.5795928912648582,18418380.333333332,21474477.8,22497862.3,0.818672462642521,0.9545119226727599,0.6786067403390588,1.0,0.0,5.0,1.0,1.6011024649606513,0.9533978162853769,0.3998806088771702,0.23918795174936905,8,1.1737665610354588,0.4600309977735866,2
2025-06-18,2409.TW,2409,友達,80,current_snapshot,12.600000381469728,12.800000190734863,12.550000190734863,12.75,12.215981483459473,19064911.0,0.0,0.0,False,False,False,,False,0.39215835870481,0.39215835870481,1.1764675963158702,0.3952584367008265,0.7905093344740233,-0.3952584367008265,12.649999618530272,-0.39215087890625,0.7843167174096201,20454452.2,-0.0728847462230481,0.0,12.050000190734863,-0.0549019458247166,-5.490194582471664,bearish,False,True,False,False,False,False,0.7905168734016588,0.39370229516371147,0.0,1.1904731268966406,13.25,12.5,-3.7735849056603765,2.0000000000000018,16777190.666666666,20454452.2,24160364.2,0.6944096756069044,0.8466119148982034,0.7890986593654081,1.0,0.0,4.0,1.0,1.8118757154538816,0.523908677672231,0.39422507736882045,0.789478488117895,8,1.179749760422111,0.4587682577867786,3
2018-09-14,3533.TW,3533,嘉澤,82,current_snapshot,208.38946533203125,215.221908569336,203.9971923828125,211.80569458007807,171.88926696777344,1617846.0,0.0,0.0,False,False,False,,False,1.6128999723216757,2.0737275066786025,1.612907176466537,0.9478707046124152,1.8957340002225664,-0.4739316478050756,205.9493103027344,1.1520724379647482,2.7649796144312853,1794671.6,-0.1092969293739948,-11.205075798538628,201.06900024414065,-0.0506912449036074,-5.069124490360744,bearish,False,True,False,False,False,False,2.8436047048349344,0.9302359062552279,-8.05084644716355,-7.6595751191650185,244.50379943847656,201.06900024414065,-13.373250204492704,5.339805898920669,1703290.3333333333,1794671.6,1988629.3,0.8565147528165924,0.9024666387043578,0.8135483068664431,1.0,0.0,5.0,1.0,3.900439311142079,1.9654537858775365,0.9329562089584357,1.958074257860556,9,2.0664833406054957,0.326106451242792,1
2018-12-21,2492.TW,2492,華新科,100,current_snapshot,155.5,162.5,151.0,160.0,119.09806060791016,28610184.0,0.0,0.0,False,False,False,,False,1.5625,2.8125,2.8125,0.964630225080386,1.607717041800643,-3.215434083601286,155.5,0.0,2.8125,21781799.2,0.2386697268357309,-6.086956521739131,149.5,-0.065625,-6.562500000000004,bearish,False,True,False,False,False,False,2.893890675241151,-0.31152647975077885,-3.3232628398791486,-13.279132791327907,178.5,151.0,-10.364145658263302,5.96026490066226,23301575.333333332,21781799.2,26575454.4,0.8768081622466382,0.8196209506769525,1.0765642449372381,1.0,0.0,4.0,1.0,3.854281731785969,2.1121920196366433,1.4596606923107458,1.473405680600213,9,2.2384809675024235,0.3087867460191432,2
2019-05-07,1590.TW,1590,亞德客-KY,64,current_snapshot,388.9489135742188,398.3390197753906,381.53564453125,392.9026489257813,344.78302001953125,1932762.0,0.0,0.0,False,False,False,,False,1.3836432165760983,1.886795383853242,1.0062888001321046,0.5121636292348989,1.2804090730872475,-1.7925727023221465,385.9836120605469,0.7547166000990786,1.7610054002311832,2235237.2,-0.1564989377895468,-4.118991097922849,371.65130615234375,-0.0540880618431561,-5.408806184315617,bearish,False,True,False,False,False,False,1.7925727023221594,-3.5194193764741644,-3.985508894625134,-0.8728137021918991,441.3359375,381.04144287109375,-10.974245344391132,3.1128388464296775,2195550.0,2235237.2,2138666.2,1.0265977925868,1.0451547791796587,0.9037230774956839,1.0,0.0,4.0,1.0,3.983645906854543,1.1716171955342711,0.8308205216469059,1.6921704493344427,9,2.405613665727216,0.2936328362972039,3
2022-11-15,1605.TW,1605,華新,88,current_snapshot,45.45000076293945,48.84999847412109,45.20000076293945,48.34999847412109,43.40995407104492,193304865.0,0.0,0.0,False,False,False,,False,1.0341261960279493,0.5170630980139747,5.997927203108059,0.5611672374441442,0.8978710050036327,4.040402397051338,44.54999923706055,1.8614303087530064,7.859357511861067,118727732.8,0.3858005963791961,14.53804999927956,43.70000076293945,-0.0961736888920586,-9.617368889205869,bearish,False,True,False,False,False,False,8.529740296604471,17.783189702157152,20.57356686765017,30.499323804998426,48.84999847412109,36.04999923706055,-1.0235414854002145,34.1192773852149,148518700.66666666,118727732.8,94277367.7,1.575337796227701,1.2593450124509575,2.0503846226924303,1.0,0.0,7.0,0.0,3.9705153626407483,3.9787703713458558,0.5317644778240307,1.183389654187212,10,2.910259683674467,0.25573749083086494,1
2021-02-23,2492.TW,2492,華新科,100,current_snapshot,279.0,291.5,273.5,289.0,246.0066375732422,21176316.0,0.0,0.0,False,False,False,,False,0.8650519031141869,1.9031141868512111,3.460207612456748,3.046594982078853,0.8960573476702508,3.405017921146954,279.0,0.0,3.460207612456748,23450204.2,-0.1073788377544044,11.81434599156118,254.0,-0.1211072664359861,-12.110726643598612,bearish,False,True,False,False,False,False,3.584229390680993,13.111545988258321,22.457627118644076,31.065759637188208,291.5,215.5,-0.8576329331046351,34.10672853828307,21394461.333333332,23450204.2,15296834.5,1.398620174215347,1.5330102577758815,1.3843593587941347,1.0,0.0,8.0,0.0,3.414574489434552,3.0431254923333104,1.681240785630384,1.373308750500863,10,2.9463837395937187,0.2533965437691952,2
2021-04-28,2409.TW,2409,友達,80,current_snapshot,39.625,42.1875,39.4375,41.6875,29.931453704833984,364078420.0,0.0,0.0,False,False,False,,False,1.199400299850075,0.4497751124437781,4.94752623688156,2.4115755627009645,1.929260450160772,-0.482315112540193,38.875,1.7991004497751124,6.746626686656672,343488305.6,0.0565540643688795,11.029411764705882,34.25,-0.1784107946026986,-17.84107946026986,bearish,False,True,False,False,False,False,7.234726688102899,15.597920277296362,14.604810996563566,34.4758064516129,42.1875,31.125,-1.1851851851851891,33.93574297188755,306827783.6666667,343488305.6,286486487.7,1.0710026365640235,1.1989686088081426,1.270839762541443,1.0,0.0,8.0,0.0,3.604372837568048,2.7481369619485307,1.424409172726726,1.4552635098306557,10,3.059824816804244,0.24631604690449818,3
2025-04-07,6805.TW,6805,富世達,93,current_snapshot,526.0,526.0,526.0,526.0,518.367431640625,31091.0,0.0,0.0,False,False,False,,False,0.0,0.0,0.0,0.8561643835616438,1.36986301369863,-1.36986301369863,584.0,-11.02661596958175,-11.02661596958175,1262959.0,-39.62136952815928,-14.739884393063583,469.0,-0.1083650190114068,-10.836501901140682,bearish,False,True,False,False,False,False,-9.931506849315063,-9.153713298791022,-22.64705882352941,-28.24010914051842,740.0,526.0,-28.918918918918923,0.0,722248.6666666666,1262959.0,1288348.7,0.5606002991788377,0.9802928353170225,0.0241324417838121,0.0,1.0,3.0,2.0,4.395494219994909,0.45662100456620885,0.7938627041250671,1.4170729819673398,11,2.598351620394503,0.2779050258268995,1
2025-04-07,1519.TW,1519,華城,66,current_snapshot,327.6859436035156,327.6859436035156,327.6859436035156,327.6859436035156,317.28570556640625,220743.0,0.0,0.0,False,False,False,,False,0.0,0.0,0.0,3.291719118594686,1.0215708929459255,-0.5675328650082063,364.0495910644531,-11.097103238866962,-11.097103238866962,7513077.0,-33.03540316114214,-16.666671437502433,292.1487731933594,-0.1084488703401771,-10.844887034017711,bearish,False,True,False,False,False,False,-9.988652192854541,-11.790882144329395,-23.455601579531848,-25.469928413014486,443.8016662597656,327.6859436035156,-26.163877128907675,0.0,9041379.0,7513077.0,5552667.9,1.6282945716958868,1.353057149338969,0.03975440346432388,0.0,1.0,3.0,2.0,4.389607751474995,1.9721239705457203,1.0972397061982284,1.1157148332091842,11,7.246466388169319,0.12126406062051456,2
2025-04-07,3661.TW,3661,世芯-KY,56,current_snapshot,2395.0,2395.0,2395.0,2395.0,2354.126220703125,53195.0,0.0,0.0,False,False,False,,False,0.0,0.0,0.0,1.6917293233082706,1.6917293233082706,-0.7518796992481203,2660.0,-11.064718162839249,-11.064718162839249,2707540.0,-49.8983927060814,-6.32688927943761,2135.0,-0.1085594989561586,-10.855949895615868,bearish,False,True,False,False,False,False,-9.962406015037594,-12.591240875912412,-15.96491228070176,-15.371024734982331,2975.0,2395.0,-19.49579831932773,0.0,2105354.6666666665,2707540.0,2102477.6,1.001368417274299,1.2877854204011496,0.025301101899967923,0.0,1.0,3.0,3.0,4.1712174751353945,2.0017210004373043,0.5639097744360902,0.6264488613654219,11,8.20294903211307,0.10866082127702408,3
