cluster_id,candidate_count,direction,n_clusters,silhouette_score
0,777,bullish,12,0.05617645328015044
1,345,bullish,12,0.05617645328015044
2,595,bullish,12,0.05617645328015044
3,1719,bullish,12,0.05617645328015044
4,916,bullish,12,0.05617645328015044
5,236,bullish,12,0.05617645328015044
6,314,bullish,12,0.05617645328015044
7,1,bullish,12,0.05617645328015044
8,1764,bullish,12,0.05617645328015044
9,924,bullish,12,0.05617645328015044
10,234,bullish,12,0.05617645328015044
11,227,bullish,12,0.05617645328015044
