date,ticker,stock_id,name,rank,dividends,stock_splits,is_ex_dividend,is_ex_right_or_split,corporate_action_type
2018-07-26,1101.TW,1101,台泥,83,1.213677,1.1,True,True,ex_dividend|ex_right_or_split
2019-08-13,1101.TW,1101,台泥,83,2.861728,1.070109,True,True,ex_dividend|ex_right_or_split
2020-08-12,1101.TW,1101,台泥,83,2.165317,1.050016,True,True,ex_dividend|ex_right_or_split
2021-08-12,1101.TW,1101,台泥,83,3.062126,0.0,True,False,ex_dividend
2022-07-21,1101.TW,1101,台泥,83,0.999283,1.0999282000000001,True,True,ex_dividend|ex_right_or_split
2023-07-11,1101.TW,1101,台泥,83,0.49972,0.0,True,False,ex_dividend
2024-07-01,1101.TW,1101,台泥,83,1.0,0.0,True,False,ex_dividend
2025-07-02,1101.TW,1101,台泥,83,1.0,0.0,True,False,ex_dividend
2026-07-01,1101.TW,1101,台泥,83,0.8,0.0,True,False,ex_dividend
2018-07-05,1326.TW,1326,台化,51,7.0,0.0,True,False,ex_dividend
2019-06-26,1326.TW,1326,台化,51,6.2,0.0,True,False,ex_dividend
2020-07-01,1326.TW,1326,台化,51,3.8,0.0,True,False,ex_dividend
2021-07-27,1326.TW,1326,台化,51,2.5,0.0,True,False,ex_dividend
2022-06-28,1326.TW,1326,台化,51,4.8,0.0,True,False,ex_dividend
2023-06-14,1326.TW,1326,台化,51,0.95,0.0,True,False,ex_dividend
2024-07-10,1326.TW,1326,台化,51,1.25,0.0,True,False,ex_dividend
2025-07-01,1326.TW,1326,台化,51,0.5,0.0,True,False,ex_dividend
2026-06-24,1326.TW,1326,台化,51,0.6,0.0,True,False,ex_dividend
2018-07-19,1402.TW,1402,遠東新,94,1.2,0.0,True,False,ex_dividend
2019-07-19,1402.TW,1402,遠東新,94,1.8,0.0,True,False,ex_dividend
2020-07-27,1402.TW,1402,遠東新,94,1.5,0.0,True,False,ex_dividend
2021-07-30,1402.TW,1402,遠東新,94,1.35,0.0,True,False,ex_dividend
2022-07-28,1402.TW,1402,遠東新,94,1.5,0.0,True,False,ex_dividend
2023-07-17,1402.TW,1402,遠東新,94,1.35,0.0,True,False,ex_dividend
2024-07-18,1402.TW,1402,遠東新,94,1.35,0.0,True,False,ex_dividend
2025-07-15,1402.TW,1402,遠東新,94,1.6,0.0,True,False,ex_dividend
2026-07-14,1402.TW,1402,遠東新,94,1.25,0.0,True,False,ex_dividend
2018-07-05,1504.TW,1504,東元,89,0.86,0.0,True,False,ex_dividend
2019-07-03,1504.TW,1504,東元,89,0.9,0.0,True,False,ex_dividend
2020-06-11,1504.TW,1504,東元,89,0.99,0.0,True,False,ex_dividend
2021-06-09,1504.TW,1504,東元,89,1.15,0.0,True,False,ex_dividend
2022-06-15,1504.TW,1504,東元,89,1.35,0.0,True,False,ex_dividend
2023-06-15,1504.TW,1504,東元,89,1.5,0.0,True,False,ex_dividend
2024-06-18,1504.TW,1504,東元,89,2.2,0.0,True,False,ex_dividend
2025-06-19,1504.TW,1504,東元,89,2.2,0.0,True,False,ex_dividend
2026-06-17,1504.TW,1504,東元,89,2.0,0.0,True,False,ex_dividend
2018-07-19,1519.TW,1519,華城,66,0.300526,0.0,True,False,ex_dividend
2019-07-18,1519.TW,1519,華城,66,0.225394,0.0,True,False,ex_dividend
2020-07-30,1519.TW,1519,華城,66,0.751315,0.0,True,False,ex_dividend
2021-07-30,1519.TW,1519,華城,66,0.976709,0.0,True,False,ex_dividend
2022-07-29,1519.TW,1519,華城,66,0.751315,0.0,True,False,ex_dividend
2023-07-27,1519.TW,1519,華城,66,1.878287,0.0,True,False,ex_dividend
2024-07-26,1519.TW,1519,華城,66,4.958678,1.1,True,True,ex_dividend|ex_right_or_split
2025-07-25,1519.TW,1519,華城,66,8.181818,1.1,True,True,ex_dividend|ex_right_or_split
2026-08-05,1519.TW,1519,華城,66,11.0,1.1,True,True,ex_dividend|ex_right_or_split
2018-08-30,1590.TW,1590,亞德客-KY,64,7.07719,0.0,True,False,ex_dividend
2019-09-03,1590.TW,1590,亞德客-KY,64,4.995666,0.0,True,False,ex_dividend
2020-09-03,1590.TW,1590,亞德客-KY,64,4.774879,0.0,True,False,ex_dividend
2021-06-16,1590.TW,1590,亞德客-KY,64,8.952339,0.0,True,False,ex_dividend
2022-09-07,1590.TW,1590,亞德客-KY,64,13.37946,0.0,True,False,ex_dividend
2023-09-26,1590.TW,1590,亞德客-KY,64,13.439055,0.0,True,False,ex_dividend
2024-09-26,1590.TW,1590,亞德客-KY,64,17.9748,0.0,True,False,ex_dividend
2025-09-23,1590.TW,1590,亞德客-KY,64,20.00957,0.0,True,False,ex_dividend
2026-07-23,1590.TW,1590,亞德客-KY,64,30.011324,0.0,True,False,ex_dividend
2018-06-15,1605.TW,1605,華新,88,0.976361,0.0,True,False,ex_dividend
2019-06-18,1605.TW,1605,華新,88,1.171633,0.0,True,False,ex_dividend
2020-06-23,1605.TW,1605,華新,88,0.494123,0.0,True,False,ex_dividend
2021-08-02,1605.TW,1605,華新,88,0.878725,0.0,True,False,ex_dividend
2022-06-21,1605.TW,1605,華新,88,1.589303,0.0,True,False,ex_dividend
2023-06-06,1605.TW,1605,華新,88,1.787966,0.0,True,False,ex_dividend
2024-06-20,1605.TW,1605,華新,88,1.092646,0.0,True,False,ex_dividend
2025-06-04,1605.TW,1605,華新,88,0.5,0.0,True,False,ex_dividend
2026-06-11,1605.TW,1605,華新,88,0.5,0.0,True,False,ex_dividend
2018-07-02,1802.TW,1802,台玻,86,0.5,0.0,True,False,ex_dividend
2019-07-08,1802.TW,1802,台玻,86,0.3,0.0,True,False,ex_dividend
2021-07-19,1802.TW,1802,台玻,86,0.5,0.0,True,False,ex_dividend
2022-06-28,1802.TW,1802,台玻,86,1.82,0.0,True,False,ex_dividend
2018-07-26,2002.TW,2002,中鋼,62,0.88,0.0,True,False,ex_dividend
2019-07-25,2002.TW,2002,中鋼,62,1.0,0.0,True,False,ex_dividend
2020-07-24,2002.TW,2002,中鋼,62,0.5,0.0,True,False,ex_dividend
2021-08-31,2002.TW,2002,中鋼,62,0.3,0.0,True,False,ex_dividend
2022-07-26,2002.TW,2002,中鋼,62,3.1,0.0,True,False,ex_dividend
2023-07-26,2002.TW,2002,中鋼,62,1.0,0.0,True,False,ex_dividend
2024-07-26,2002.TW,2002,中鋼,62,0.35,0.0,True,False,ex_dividend
2025-07-24,2002.TW,2002,中鋼,62,0.33,0.0,True,False,ex_dividend
2026-07-24,2002.TW,2002,中鋼,62,0.15,0.0,True,False,ex_dividend
2018-07-17,2207.TW,2207,和泰車,63,11.764706,0.0,True,False,ex_dividend
2019-07-16,2207.TW,2207,和泰車,63,11.764706,0.0,True,False,ex_dividend
2020-07-14,2207.TW,2207,和泰車,63,13.72549,0.0,True,False,ex_dividend
2021-07-09,2207.TW,2207,和泰車,63,16.666668,0.0,True,False,ex_dividend
2022-07-08,2207.TW,2207,和泰車,63,19.607843,0.0,True,False,ex_dividend
2023-08-04,2207.TW,2207,和泰車,63,2.0,1.02,True,True,ex_dividend|ex_right_or_split
2024-06-20,2207.TW,2207,和泰車,63,20.0,0.0,True,False,ex_dividend
2025-07-02,2207.TW,2207,和泰車,63,20.0,0.0,True,False,ex_dividend
2026-06-12,2207.TW,2207,和泰車,63,20.0,0.0,True,False,ex_dividend
2018-07-10,2313.TW,2313,華通,60,1.19309,0.0,True,False,ex_dividend
2019-07-11,2313.TW,2313,華通,60,0.795393,0.0,True,False,ex_dividend
2020-07-09,2313.TW,2313,華通,60,1.19309,0.0,True,False,ex_dividend
2021-07-08,2313.TW,2313,華通,60,1.491362,0.0,True,False,ex_dividend
2022-04-07,2313.TW,2313,華通,60,1.789635,0.0,True,False,ex_dividend
2023-04-13,2313.TW,2313,華通,60,2.684452,0.0,True,False,ex_dividend
2024-06-03,2313.TW,2313,華通,60,1.491362,0.0,True,False,ex_dividend
2025-06-03,2313.TW,2313,華通,60,2.386179,0.0,True,False,ex_dividend
2026-06-02,2313.TW,2313,華通,60,2.783876,0.0,True,False,ex_dividend
2018-07-23,2324.TW,2324,仁寶,84,1.2,0.0,True,False,ex_dividend
2019-07-15,2324.TW,2324,仁寶,84,1.2,0.0,True,False,ex_dividend
2020-07-17,2324.TW,2324,仁寶,84,1.2,0.0,True,False,ex_dividend
2021-04-23,2324.TW,2324,仁寶,84,1.6,0.0,True,False,ex_dividend
2022-04-22,2324.TW,2324,仁寶,84,2.0,0.0,True,False,ex_dividend
2023-04-20,2324.TW,2324,仁寶,84,1.2,0.0,True,False,ex_dividend
2024-03-29,2324.TW,2324,仁寶,84,1.2,0.0,True,False,ex_dividend
2025-03-27,2324.TW,2324,仁寶,84,1.4,0.0,True,False,ex_dividend
2026-03-27,2324.TW,2324,仁寶,84,1.1,0.0,True,False,ex_dividend
2018-08-24,2337.TW,2337,旺宏,67,1.00029,1.020006,True,True,ex_dividend|ex_right_or_split
2019-08-12,2337.TW,2337,旺宏,67,1.200125,0.0,True,False,ex_dividend
2020-07-24,2337.TW,2337,旺宏,67,1.189402,0.0,True,False,ex_dividend
2021-09-08,2337.TW,2337,旺宏,67,1.200109,0.0,True,False,ex_dividend
2022-07-13,2337.TW,2337,旺宏,67,1.80009,0.0,True,False,ex_dividend
2023-06-20,2337.TW,2337,旺宏,67,1.8,0.0,True,False,ex_dividend
2024-06-24,2337.TW,2337,旺宏,67,0.5,0.0,True,False,ex_dividend
2018-08-22,2347.TW,2347,聯強,99,2.2,0.0,True,False,ex_dividend
2019-08-23,2347.TW,2347,聯強,99,2.0,0.0,True,False,ex_dividend
2020-06-16,2347.TW,2347,聯強,99,2.6,0.0,True,False,ex_dividend
2021-06-08,2347.TW,2347,聯強,99,3.3,0.0,True,False,ex_dividend
2022-06-09,2347.TW,2347,聯強,99,5.0,0.0,True,False,ex_dividend
2023-06-07,2347.TW,2347,聯強,99,3.5,0.0,True,False,ex_dividend
2024-06-24,2347.TW,2347,聯強,99,3.0,0.0,True,False,ex_dividend
2025-06-23,2347.TW,2347,聯強,99,4.0,0.0,True,False,ex_dividend
2026-07-13,2347.TW,2347,聯強,99,4.2,0.0,True,False,ex_dividend
2018-07-12,2356.TW,2356,英業達,71,1.65,0.0,True,False,ex_dividend
2019-07-11,2356.TW,2356,英業達,71,1.5,0.0,True,False,ex_dividend
2020-07-15,2356.TW,2356,英業達,71,1.3,0.0,True,False,ex_dividend
2021-07-15,2356.TW,2356,英業達,71,1.85,0.0,True,False,ex_dividend
2022-07-14,2356.TW,2356,英業達,71,1.4,0.0,True,False,ex_dividend
2023-07-12,2356.TW,2356,英業達,71,1.5,0.0,True,False,ex_dividend
2024-07-11,2356.TW,2356,英業達,71,1.5,0.0,True,False,ex_dividend
2025-07-10,2356.TW,2356,英業達,71,1.7,0.0,True,False,ex_dividend
2026-07-15,2356.TW,2356,英業達,71,2.0,0.0,True,False,ex_dividend
2018-07-12,2376.TW,2376,技嘉,70,4.0,0.0,True,False,ex_dividend
2019-07-15,2376.TW,2376,技嘉,70,3.0,0.0,True,False,ex_dividend
2020-07-15,2376.TW,2376,技嘉,70,2.2,0.0,True,False,ex_dividend
2021-07-08,2376.TW,2376,技嘉,70,5.0,0.0,True,False,ex_dividend
2022-08-04,2376.TW,2376,技嘉,70,12.0,0.0,True,False,ex_dividend
2023-08-04,2376.TW,2376,技嘉,70,6.2,0.0,True,False,ex_dividend
2024-08-05,2376.TW,2376,技嘉,70,6.357943,0.0,True,False,ex_dividend
2025-07-30,2376.TW,2376,技嘉,70,10.0,0.0,True,False,ex_dividend
2026-08-03,2376.TW,2376,技嘉,70,12.0,0.0,True,False,ex_dividend
2018-09-06,2379.TW,2379,瑞昱,53,5.5,0.0,True,False,ex_dividend
2019-09-05,2379.TW,2379,瑞昱,53,7.0,0.0,True,False,ex_dividend
2020-09-08,2379.TW,2379,瑞昱,53,11.0,0.0,True,False,ex_dividend
2021-09-08,2379.TW,2379,瑞昱,53,14.0,0.0,True,False,ex_dividend
2022-09-12,2379.TW,2379,瑞昱,53,27.0,0.0,True,False,ex_dividend
2023-09-11,2379.TW,2379,瑞昱,53,27.0,0.0,True,False,ex_dividend
2024-09-05,2379.TW,2379,瑞昱,53,15.5,0.0,True,False,ex_dividend
2025-09-10,2379.TW,2379,瑞昱,53,25.5,0.0,True,False,ex_dividend
2026-09-08,2379.TW,2379,瑞昱,53,25.0,0.0,True,False,ex_dividend
2018-07-02,2404.TW,2404,漢唐,79,7.5,0.0,True,False,ex_dividend
2018-11-29,2404.TW,2404,漢唐,79,0.0,0.8,False,True,ex_right_or_split
2019-07-09,2404.TW,2404,漢唐,79,10.0,0.0,True,False,ex_dividend
2020-06-17,2404.TW,2404,漢唐,79,13.0,0.0,True,False,ex_dividend
2021-06-18,2404.TW,2404,漢唐,79,17.0,0.0,True,False,ex_dividend
2022-06-28,2404.TW,2404,漢唐,79,13.125297,0.0,True,False,ex_dividend
2023-07-13,2404.TW,2404,漢唐,79,15.0,0.0,True,False,ex_dividend
2024-07-12,2404.TW,2404,漢唐,79,21.0,0.0,True,False,ex_dividend
2025-07-17,2404.TW,2404,漢唐,79,28.0,0.0,True,False,ex_dividend
2026-07-16,2404.TW,2404,漢唐,79,40.0,0.0,True,False,ex_dividend
2018-07-12,2409.TW,2409,友達,80,1.875,0.0,True,False,ex_dividend
2019-07-11,2409.TW,2409,友達,80,0.625,0.0,True,False,ex_dividend
2021-06-24,2409.TW,2409,友達,80,0.375,0.0,True,False,ex_dividend
2022-07-04,2409.TW,2409,友達,80,1.25,0.0,True,False,ex_dividend
2022-09-29,2409.TW,2409,友達,80,2.0,0.8,True,True,ex_dividend|ex_right_or_split
2023-08-10,2409.TW,2409,友達,80,0.8,0.0,True,False,ex_dividend
2024-08-05,2409.TW,2409,友達,80,0.9,0.0,True,False,ex_dividend
2025-08-05,2409.TW,2409,友達,80,0.304801,0.0,True,False,ex_dividend
2026-07-30,2409.TW,2409,友達,80,0.4,0.0,True,False,ex_dividend
2018-07-18,2449.TW,2449,京元電子,57,1.712227,0.0,True,False,ex_dividend
2019-07-18,2449.TW,2449,京元電子,57,1.285714,0.0,True,False,ex_dividend
2020-07-13,2449.TW,2449,京元電子,57,1.714286,0.0,True,False,ex_dividend
2021-08-19,2449.TW,2449,京元電子,57,1.904762,0.0,True,False,ex_dividend
2022-07-21,2449.TW,2449,京元電子,57,2.857143,0.0,True,False,ex_dividend
2023-07-13,2449.TW,2449,京元電子,57,3.333333,0.0,True,False,ex_dividend
2024-07-16,2449.TW,2449,京元電子,57,3.047619,0.0,True,False,ex_dividend
2025-07-10,2449.TW,2449,京元電子,57,3.809524,0.0,True,False,ex_dividend
2026-07-28,2449.TW,2449,京元電子,57,1.0,1.05,True,True,ex_dividend|ex_right_or_split
2018-08-08,2492.TW,2492,華新科,100,4.018694,0.0,True,False,ex_dividend
2019-08-08,2492.TW,2492,華新科,100,16.331528,0.0,True,False,ex_dividend
2020-08-06,2492.TW,2492,華新科,100,5.5,0.0,True,False,ex_dividend
2021-08-30,2492.TW,2492,華新科,100,6.012384,0.0,True,False,ex_dividend
2022-08-10,2492.TW,2492,華新科,100,4.509282,0.0,True,False,ex_dividend
2023-07-28,2492.TW,2492,華新科,100,2.40495,0.0,True,False,ex_dividend
2024-07-10,2492.TW,2492,華新科,100,2.154433,0.0,True,False,ex_dividend
2025-07-09,2492.TW,2492,華新科,100,2.40495,0.0,True,False,ex_dividend
2026-07-09,2492.TW,2492,華新科,100,2.503091,0.0,True,False,ex_dividend
2022-06-27,2609.TW,2609,陽明,77,20.0,0.0,True,False,ex_dividend
2023-07-04,2609.TW,2609,陽明,77,20.0,0.0,True,False,ex_dividend
2024-07-09,2609.TW,2609,陽明,77,2.0,0.0,True,False,ex_dividend
2025-07-09,2609.TW,2609,陽明,77,7.5,0.0,True,False,ex_dividend
2026-07-14,2609.TW,2609,陽明,77,2.0,0.0,True,False,ex_dividend
2018-07-16,2615.TW,2615,萬海,59,0.395257,0.0,True,False,ex_dividend
2019-07-12,2615.TW,2615,萬海,59,0.478758,0.0,True,False,ex_dividend
2020-08-27,2615.TW,2615,萬海,59,0.632411,0.0,True,False,ex_dividend
2021-09-07,2615.TW,2615,萬海,59,0.869565,1.1,True,True,ex_dividend|ex_right_or_split
2022-07-20,2615.TW,2615,萬海,59,10.5,1.15,True,True,ex_dividend|ex_right_or_split
2023-07-03,2615.TW,2615,萬海,59,5.0,0.0,True,False,ex_dividend
2024-06-13,2615.TW,2615,萬海,59,1.5,0.0,True,False,ex_dividend
2025-06-24,2615.TW,2615,萬海,59,3.5,0.0,True,False,ex_dividend
2026-07-06,2615.TW,2615,萬海,59,3.0,0.0,True,False,ex_dividend
2018-09-11,2618.TW,2618,長榮航,72,0.192445,1.05,True,True,ex_dividend|ex_right_or_split
2019-09-05,2618.TW,2618,長榮航,72,0.497277,1.029837,True,True,ex_dividend|ex_right_or_split
2020-09-03,2618.TW,2618,長榮航,72,0.25,0.0,True,False,ex_dividend
2022-08-04,2618.TW,2618,長榮航,72,0.591695,0.0,True,False,ex_dividend
2023-07-14,2618.TW,2618,長榮航,72,0.799071,0.0,True,False,ex_dividend
2024-07-08,2618.TW,2618,長榮航,72,1.8,0.0,True,False,ex_dividend
2025-07-09,2618.TW,2618,長榮航,72,2.4,0.0,True,False,ex_dividend
2026-07-08,2618.TW,2618,長榮航,72,2.0,0.0,True,False,ex_dividend
2018-09-04,2801.TW,2801,彰銀,61,0.365275,1.04,True,True,ex_dividend|ex_right_or_split
2019-08-06,2801.TW,2801,彰銀,61,0.529892,1.02,True,True,ex_dividend|ex_right_or_split
2020-08-11,2801.TW,2801,彰銀,61,0.34443,1.04,True,True,ex_dividend|ex_right_or_split
2021-08-31,2801.TW,2801,彰銀,61,0.313087,1.01,True,True,ex_dividend|ex_right_or_split
2022-08-11,2801.TW,2801,彰銀,61,0.439191,1.01,True,True,ex_dividend|ex_right_or_split
2023-08-10,2801.TW,2801,彰銀,61,0.495188,1.025,True,True,ex_dividend|ex_right_or_split
2024-08-15,2801.TW,2801,彰銀,61,0.511034,1.032,True,True,ex_dividend|ex_right_or_split
2025-07-31,2801.TW,2801,彰銀,61,0.487805,1.05,True,True,ex_dividend|ex_right_or_split
2026-08-05,2801.TW,2801,彰銀,61,0.8,1.025,True,True,ex_dividend|ex_right_or_split
2018-09-06,2834.TW,2834,臺企銀,87,0.175062,1.04,True,True,ex_dividend|ex_right_or_split
2019-08-14,2834.TW,2834,臺企銀,87,0.195965,1.05,True,True,ex_dividend|ex_right_or_split
2020-07-22,2834.TW,2834,臺企銀,87,0.144034,1.05,True,True,ex_dividend|ex_right_or_split
2021-09-08,2834.TW,2834,臺企銀,87,0.074466,1.034,True,True,ex_dividend|ex_right_or_split
2022-08-02,2834.TW,2834,臺企銀,87,0.077221,1.037,True,True,ex_dividend|ex_right_or_split
2023-08-31,2834.TW,2834,臺企銀,87,0.079074,1.024,True,True,ex_dividend|ex_right_or_split
2024-08-08,2834.TW,2834,臺企銀,87,0.176336,1.115,True,True,ex_dividend|ex_right_or_split
2025-08-05,2834.TW,2834,臺企銀,87,0.186916,1.06,True,True,ex_dividend|ex_right_or_split
2026-08-04,2834.TW,2834,臺企銀,87,0.3,1.07,True,True,ex_dividend|ex_right_or_split
2018-08-01,2912.TW,2912,統一超,74,25.0,0.0,True,False,ex_dividend
2019-07-31,2912.TW,2912,統一超,74,8.8,0.0,True,False,ex_dividend
2020-08-05,2912.TW,2912,統一超,74,9.0,0.0,True,False,ex_dividend
2021-09-07,2912.TW,2912,統一超,74,9.0,0.0,True,False,ex_dividend
2022-08-03,2912.TW,2912,統一超,74,9.0,0.0,True,False,ex_dividend
2023-08-04,2912.TW,2912,統一超,74,9.0,0.0,True,False,ex_dividend
2024-08-01,2912.TW,2912,統一超,74,9.0,0.0,True,False,ex_dividend
2025-07-31,2912.TW,2912,統一超,74,9.0,0.0,True,False,ex_dividend
2026-07-30,2912.TW,2912,統一超,74,9.0,0.0,True,False,ex_dividend
2018-07-12,3034.TW,3034,聯詠,58,7.1,0.0,True,False,ex_dividend
2019-07-12,3034.TW,3034,聯詠,58,8.8,0.0,True,False,ex_dividend
2020-07-13,3034.TW,3034,聯詠,58,10.5,0.0,True,False,ex_dividend
2021-08-17,3034.TW,3034,聯詠,58,15.6,0.0,True,False,ex_dividend
2022-07-12,3034.TW,3034,聯詠,58,51.5,0.0,True,False,ex_dividend
2023-07-11,3034.TW,3034,聯詠,58,37.0,0.0,True,False,ex_dividend
2024-07-10,3034.TW,3034,聯詠,58,32.0,0.0,True,False,ex_dividend
2025-07-09,3034.TW,3034,聯詠,58,28.0,0.0,True,False,ex_dividend
2026-07-13,3034.TW,3034,聯詠,58,23.0,0.0,True,False,ex_dividend
2018-08-06,3036.TW,3036,文曄,68,2.45844,0.0,True,False,ex_dividend
2019-08-29,3036.TW,3036,文曄,68,2.312062,0.0,True,False,ex_dividend
2020-08-24,3036.TW,3036,文曄,68,2.053836,0.0,True,False,ex_dividend
2021-08-02,3036.TW,3036,文曄,68,3.149459,0.0,True,False,ex_dividend
2022-06-20,3036.TW,3036,文曄,68,4.931499,0.0,True,False,ex_dividend
2023-08-18,3036.TW,3036,文曄,68,4.226424,0.0,True,False,ex_dividend
2024-08-22,3036.TW,3036,文曄,68,1.799248,0.0,True,False,ex_dividend
2025-06-30,3036.TW,3036,文曄,68,5.998001,0.0,True,False,ex_dividend
2026-06-08,3036.TW,3036,文曄,68,7.795027,0.0,True,False,ex_dividend
2018-07-17,3044.TW,3044,健鼎,65,5.25,0.0,True,False,ex_dividend
2019-07-09,3044.TW,3044,健鼎,65,5.9,0.0,True,False,ex_dividend
2020-07-07,3044.TW,3044,健鼎,65,7.25,0.0,True,False,ex_dividend
2021-07-13,3044.TW,3044,健鼎,65,7.35,0.0,True,False,ex_dividend
2022-07-14,3044.TW,3044,健鼎,65,7.0,0.0,True,False,ex_dividend
2023-07-13,3044.TW,3044,健鼎,65,7.45,0.0,True,False,ex_dividend
2024-07-10,3044.TW,3044,健鼎,65,7.5,0.0,True,False,ex_dividend
2025-07-10,3044.TW,3044,健鼎,65,10.3,0.0,True,False,ex_dividend
2026-07-09,3044.TW,3044,健鼎,65,12.7,0.0,True,False,ex_dividend
2018-07-11,3481.TW,3481,群創,52,1.05739,0.0,True,False,ex_dividend
2019-07-12,3481.TW,3481,群創,52,0.079304,0.0,True,False,ex_dividend
2020-07-17,3481.TW,3481,群創,52,0.132174,0.0,True,False,ex_dividend
2021-07-27,3481.TW,3481,群創,52,0.527159,0.0,True,False,ex_dividend
2022-07-11,3481.TW,3481,群創,52,1.394427,0.0,True,False,ex_dividend
2022-09-29,3481.TW,3481,群創,52,1.136364,0.905,True,True,ex_dividend|ex_right_or_split
2023-08-17,3481.TW,3481,群創,52,0.568182,0.95,True,True,ex_dividend|ex_right_or_split
2024-08-15,3481.TW,3481,群創,52,1.2,0.88,True,True,ex_dividend|ex_right_or_split
2025-05-22,3481.TW,3481,群創,52,1.0,0.0,True,False,ex_dividend
2026-06-11,3481.TW,3481,群創,52,1.0,0.0,True,False,ex_dividend
2018-07-11,3532.TW,3532,台勝科,98,4.16,0.0,True,False,ex_dividend
2018-09-13,3532.TW,3532,台勝科,98,0.0,0.5,False,True,ex_right_or_split
2019-07-10,3532.TW,3532,台勝科,98,9.0,0.0,True,False,ex_dividend
2020-07-08,3532.TW,3532,台勝科,98,3.5,0.0,True,False,ex_dividend
2021-07-29,3532.TW,3532,台勝科,98,2.15,0.0,True,False,ex_dividend
2022-07-13,3532.TW,3532,台勝科,98,2.22,0.0,True,False,ex_dividend
2023-07-11,3532.TW,3532,台勝科,98,7.3,0.0,True,False,ex_dividend
2024-07-26,3532.TW,3532,台勝科,98,5.0,0.0,True,False,ex_dividend
2025-07-08,3532.TW,3532,台勝科,98,1.8,0.0,True,False,ex_dividend
2026-07-14,3532.TW,3532,台勝科,98,1.0,0.0,True,False,ex_dividend
2018-07-31,3533.TW,3533,嘉澤,82,5.368347,0.0,True,False,ex_dividend
2019-07-31,3533.TW,3533,嘉澤,82,8.62461,0.0,True,False,ex_dividend
2020-07-30,3533.TW,3533,嘉澤,82,10.409013,0.0,True,False,ex_dividend
2021-08-26,3533.TW,3533,嘉澤,82,13.235313,0.0,True,False,ex_dividend
2022-08-03,3533.TW,3533,嘉澤,82,15.846045,0.0,True,False,ex_dividend
2023-08-04,3533.TW,3533,嘉澤,82,25.18261,0.0,True,False,ex_dividend
2024-08-28,3533.TW,3533,嘉澤,82,25.754503,0.0,True,False,ex_dividend
2025-07-31,3533.TW,3533,嘉澤,82,41.722824,0.0,True,False,ex_dividend
2026-08-04,3533.TW,3533,嘉澤,82,34.93436,0.0,True,False,ex_dividend
2018-08-30,3661.TW,3661,世芯-KY,56,1.066604,0.0,True,False,ex_dividend
2019-08-22,3661.TW,3661,世芯-KY,56,1.530463,0.0,True,False,ex_dividend
2020-08-20,3661.TW,3661,世芯-KY,56,3.418614,0.0,True,False,ex_dividend
2021-09-09,3661.TW,3661,世芯-KY,56,6.624891,0.0,True,False,ex_dividend
2022-09-16,3661.TW,3661,世芯-KY,56,11.798423,0.0,True,False,ex_dividend
2023-09-07,3661.TW,3661,世芯-KY,56,13.124396,0.0,True,False,ex_dividend
2024-09-12,3661.TW,3661,世芯-KY,56,22.4101,0.0,True,False,ex_dividend
2025-09-02,3661.TW,3661,世芯-KY,56,36.736717,0.0,True,False,ex_dividend
2026-09-03,3661.TW,3661,世芯-KY,56,32.572845,0.0,True,False,ex_dividend
2018-07-25,3702.TW,3702,大聯大,90,2.608696,0.0,True,False,ex_dividend
2018-09-20,3702.TW,3702,大聯大,90,0.0,0.92,False,True,ex_right_or_split
2019-08-20,3702.TW,3702,大聯大,90,2.7,0.0,True,False,ex_dividend
2020-07-31,3702.TW,3702,大聯大,90,2.4,0.0,True,False,ex_dividend
2021-08-11,3702.TW,3702,大聯大,90,3.1,0.0,True,False,ex_dividend
2022-07-19,3702.TW,3702,大聯大,90,3.5,0.0,True,False,ex_dividend
2023-07-25,3702.TW,3702,大聯大,90,3.85,0.0,True,False,ex_dividend
2024-07-26,3702.TW,3702,大聯大,90,3.5,0.0,True,False,ex_dividend
2025-07-24,3702.TW,3702,大聯大,90,3.2,0.0,True,False,ex_dividend
2026-08-27,3702.TW,3702,大聯大,90,3.643236,0.0,True,False,ex_dividend
2018-07-11,4904.TW,4904,遠傳,54,3.037,0.0,True,False,ex_dividend
2019-07-16,4904.TW,4904,遠傳,54,3.75,0.0,True,False,ex_dividend
2020-07-14,4904.TW,4904,遠傳,54,3.25,0.0,True,False,ex_dividend
2021-07-23,4904.TW,4904,遠傳,54,3.25,0.0,True,False,ex_dividend
2022-07-14,4904.TW,4904,遠傳,54,3.25,0.0,True,False,ex_dividend
2023-07-05,4904.TW,4904,遠傳,54,3.25,0.0,True,False,ex_dividend
2024-07-10,4904.TW,4904,遠傳,54,3.25,0.0,True,False,ex_dividend
2025-07-09,4904.TW,4904,遠傳,54,3.56,0.0,True,False,ex_dividend
2026-07-08,4904.TW,4904,遠傳,54,3.809282,0.0,True,False,ex_dividend
2018-07-30,4938.TW,4938,和碩,69,4.001665,0.0,True,False,ex_dividend
2019-07-31,4938.TW,4938,和碩,69,3.500896,0.0,True,False,ex_dividend
2020-06-30,4938.TW,4938,和碩,69,4.500484,0.0,True,False,ex_dividend
2021-06-30,4938.TW,4938,和碩,69,4.488777,0.0,True,False,ex_dividend
2022-06-30,4938.TW,4938,和碩,69,5.001376,0.0,True,False,ex_dividend
2023-07-04,4938.TW,4938,和碩,69,4.003417,0.0,True,False,ex_dividend
2024-06-27,4938.TW,4938,和碩,69,4.000584,0.0,True,False,ex_dividend
2025-06-17,4938.TW,4938,和碩,69,4.502825,0.0,True,False,ex_dividend
2026-06-15,4938.TW,4938,和碩,69,4.009437,0.0,True,False,ex_dividend
2018-07-31,5871.TW,5871,中租-KY,78,2.967802,1.02,True,True,ex_dividend|ex_right_or_split
2019-07-31,5871.TW,5871,中租-KY,78,3.280202,1.03,True,True,ex_dividend|ex_right_or_split
2020-06-23,5871.TW,5871,中租-KY,78,3.848395,1.04,True,True,ex_dividend|ex_right_or_split
2021-08-05,5871.TW,5871,中租-KY,78,4.39219,1.05,True,True,ex_dividend|ex_right_or_split
2022-06-22,5871.TW,5871,中租-KY,78,5.53416,1.05,True,True,ex_dividend|ex_right_or_split
2023-08-01,5871.TW,5871,中租-KY,78,6.021166,1.02,True,True,ex_dividend|ex_right_or_split
2024-07-18,5871.TW,5871,中租-KY,78,6.237552,1.02,True,True,ex_dividend|ex_right_or_split
2025-07-30,5871.TW,5871,中租-KY,78,5.980392,1.02,True,True,ex_dividend|ex_right_or_split
2026-07-29,5871.TW,5871,中租-KY,78,5.8,1.02,True,True,ex_dividend|ex_right_or_split
2018-07-20,5876.TW,5876,上海商銀,75,1.722314,0.0,True,False,ex_dividend
2019-07-08,5876.TW,5876,上海商銀,75,1.913683,0.0,True,False,ex_dividend
2020-07-16,5876.TW,5876,上海商銀,75,2.003682,0.0,True,False,ex_dividend
2021-07-28,5876.TW,5876,上海商銀,75,1.66159,0.0,True,False,ex_dividend
2022-07-07,5876.TW,5876,上海商銀,75,1.75933,0.0,True,False,ex_dividend
2023-07-06,5876.TW,5876,上海商銀,75,1.782178,0.0,True,False,ex_dividend
2024-07-17,5876.TW,5876,上海商銀,75,1.782178,0.0,True,False,ex_dividend
2025-07-01,5876.TW,5876,上海商銀,75,1.782178,0.0,True,False,ex_dividend
2026-07-28,5876.TW,5876,上海商銀,75,1.8,1.01,True,True,ex_dividend|ex_right_or_split
2018-08-22,6139.TW,6139,亞翔,85,1.489779,0.0,True,False,ex_dividend
2019-08-15,6139.TW,6139,亞翔,85,1.489779,0.0,True,False,ex_dividend
2020-08-20,6139.TW,6139,亞翔,85,1.489779,0.0,True,False,ex_dividend
2021-09-02,6139.TW,6139,亞翔,85,0.993186,0.0,True,False,ex_dividend
2022-09-06,6139.TW,6139,亞翔,85,1.489779,0.0,True,False,ex_dividend
2023-09-05,6139.TW,6139,亞翔,85,3.476151,0.0,True,False,ex_dividend
2024-09-03,6139.TW,6139,亞翔,85,8.982076,0.0,True,False,ex_dividend
2025-09-04,6139.TW,6139,亞翔,85,13.885191,0.0,True,False,ex_dividend
2026-09-02,6139.TW,6139,亞翔,85,22.996187,0.0,True,False,ex_dividend
2018-07-12,6213.TW,6213,聯茂,81,2.98988,0.0,True,False,ex_dividend
2019-07-10,6213.TW,6213,聯茂,81,3.665014,0.0,True,False,ex_dividend
2020-07-06,6213.TW,6213,聯茂,81,4.899453,0.0,True,False,ex_dividend
2021-07-19,6213.TW,6213,聯茂,81,5.0,0.0,True,False,ex_dividend
2022-06-30,6213.TW,6213,聯茂,81,5.0,0.0,True,False,ex_dividend
2023-07-10,6213.TW,6213,聯茂,81,3.0,0.0,True,False,ex_dividend
2024-07-11,6213.TW,6213,聯茂,81,1.5,0.0,True,False,ex_dividend
2025-07-03,6213.TW,6213,聯茂,81,1.8,0.0,True,False,ex_dividend
2026-07-02,6213.TW,6213,聯茂,81,2.998927,0.0,True,False,ex_dividend
2018-07-31,6239.TW,6239,力成,76,4.5,0.0,True,False,ex_dividend
2019-08-01,6239.TW,6239,力成,76,4.8,0.0,True,False,ex_dividend
2020-07-30,6239.TW,6239,力成,76,4.5,0.0,True,False,ex_dividend
2021-07-30,6239.TW,6239,力成,76,5.0,0.0,True,False,ex_dividend
2022-07-29,6239.TW,6239,力成,76,6.8,0.0,True,False,ex_dividend
2023-08-01,6239.TW,6239,力成,76,7.0,0.0,True,False,ex_dividend
2024-08-01,6239.TW,6239,力成,76,7.0,0.0,True,False,ex_dividend
2025-07-31,6239.TW,6239,力成,76,7.0,0.0,True,False,ex_dividend
2026-07-30,6239.TW,6239,力成,76,4.5,0.0,True,False,ex_dividend
2018-07-10,6415.TW,6415,矽力*-KY,92,1.494972,0.0,True,False,ex_dividend
2019-07-16,6415.TW,6415,矽力*-KY,92,1.630918,0.0,True,False,ex_dividend
2020-07-21,6415.TW,6415,矽力*-KY,92,1.868816,0.0,True,False,ex_dividend
2021-07-20,6415.TW,6415,矽力*-KY,92,2.616243,0.0,True,False,ex_dividend
2022-03-25,6415.TW,6415,矽力*-KY,92,4.495068,0.0,True,False,ex_dividend
2022-07-06,6415.TW,6415,矽力*-KY,92,0.0,4.0,False,True,ex_right_or_split
2023-03-24,6415.TW,6415,矽力*-KY,92,4.49431,0.0,True,False,ex_dividend
2024-03-28,6415.TW,6415,矽力*-KY,92,1.960119,0.0,True,False,ex_dividend
2025-03-27,6415.TW,6415,矽力*-KY,92,2.401105,0.0,True,False,ex_dividend
2026-03-26,6415.TW,6415,矽力*-KY,92,2.55261,0.0,True,False,ex_dividend
2020-06-16,6515.TW,6515,穎崴,73,12.0,0.0,True,False,ex_dividend
2021-06-24,6515.TW,6515,穎崴,73,12.9835,0.0,True,False,ex_dividend
2022-07-01,6515.TW,6515,穎崴,73,10.979133,0.0,True,False,ex_dividend
2023-07-11,6515.TW,6515,穎崴,73,22.0,0.0,True,False,ex_dividend
2024-07-22,6515.TW,6515,穎崴,73,11.0,0.0,True,False,ex_dividend
2025-07-07,6515.TW,6515,穎崴,73,24.99968,0.0,True,False,ex_dividend
2026-07-17,6515.TW,6515,穎崴,73,49.43752,0.0,True,False,ex_dividend
2018-08-27,6531.TW,6531,愛普*,95,0.745685,1.049712,True,True,ex_dividend|ex_right_or_split
2019-08-26,6531.TW,6531,愛普*,95,0.255117,0.0,True,False,ex_dividend
2020-08-11,6531.TW,6531,愛普*,95,0.498714,0.0,True,False,ex_dividend
2021-08-16,6531.TW,6531,愛普*,95,2.49973,0.0,True,False,ex_dividend
2021-10-15,6531.TW,6531,愛普*,95,0.0,2.0,False,True,ex_right_or_split
2022-06-21,6531.TW,6531,愛普*,95,5.996284,0.0,True,False,ex_dividend
2023-06-20,6531.TW,6531,愛普*,95,6.996605,0.0,True,False,ex_dividend
2024-06-20,6531.TW,6531,愛普*,95,6.997659,0.0,True,False,ex_dividend
2025-06-18,6531.TW,6531,愛普*,95,6.993645,0.0,True,False,ex_dividend
2026-06-22,6531.TW,6531,愛普*,95,6.985648,0.0,True,False,ex_dividend
2021-04-08,6770.TW,6770,力積電,55,0.491391,0.0,True,False,ex_dividend
2021-08-25,6770.TW,6770,力積電,55,0.65,0.0,True,False,ex_dividend
2022-02-24,6770.TW,6770,力積電,55,1.182228,0.0,True,False,ex_dividend
2022-08-23,6770.TW,6770,力積電,55,0.729037,0.0,True,False,ex_dividend
2023-03-13,6770.TW,6770,力積電,55,0.3,0.0,True,False,ex_dividend
2026-08-27,6770.TW,6770,力積電,55,0.23,0.0,True,False,ex_dividend
2021-08-20,6789.TW,6789,采鈺,96,1.986544,0.0,True,False,ex_dividend
2022-07-14,6789.TW,6789,采鈺,96,1.864602,0.0,True,False,ex_dividend
2023-06-29,6789.TW,6789,采鈺,96,1.998189,0.0,True,False,ex_dividend
2024-07-02,6789.TW,6789,采鈺,96,0.999066,0.0,True,False,ex_dividend
2025-06-27,6789.TW,6789,采鈺,96,2.997016,0.0,True,False,ex_dividend
2026-06-26,6789.TW,6789,采鈺,96,3.0,0.0,True,False,ex_dividend
2021-07-22,6805.TW,6805,富世達,93,0.422534,1.338028,True,True,ex_dividend|ex_right_or_split
2022-06-23,6805.TW,6805,富世達,93,4.5,0.0,True,False,ex_dividend
2023-06-30,6805.TW,6805,富世達,93,4.0,0.0,True,False,ex_dividend
2024-08-14,6805.TW,6805,富世達,93,5.5,0.0,True,False,ex_dividend
2025-08-13,6805.TW,6805,富世達,93,8.0,0.0,True,False,ex_dividend
2026-08-20,6805.TW,6805,富世達,93,12.5,0.0,True,False,ex_dividend
2025-07-14,6919.TW,6919,康霈*,97,0.0,10.0,False,True,ex_right_or_split
2025-04-01,7750.TW,7750,新代,91,11.0,0.0,True,False,ex_dividend
2026-04-01,7750.TW,7750,新代,91,16.0,0.0,True,False,ex_dividend
