ticker,stock_id,name,rank,first_date,last_date,raw_rows,corporate_action_days,excluded_window_days
1326.TW,1326,台化,51,2018-01-02,2026-10-01,2124,9,27
3481.TW,3481,群創,52,2018-01-02,2026-10-01,2124,10,30
2379.TW,2379,瑞昱,53,2018-01-02,2026-10-01,2124,9,27
4904.TW,4904,遠傳,54,2018-01-02,2026-10-01,2124,9,27
6770.TW,6770,力積電,55,2020-12-09,2026-10-01,1410,6,18
3661.TW,3661,世芯-KY,56,2018-01-02,2026-10-01,2124,9,27
2449.TW,2449,京元電子,57,2018-01-02,2026-10-01,2124,9,27
3034.TW,3034,聯詠,58,2018-01-02,2026-10-01,2124,9,27
2615.TW,2615,萬海,59,2018-01-02,2026-10-01,2124,9,27
2313.TW,2313,華通,60,2018-01-02,2026-10-01,2124,9,27
2801.TW,2801,彰銀,61,2018-01-02,2026-10-01,2124,9,27
2002.TW,2002,中鋼,62,2018-01-02,2026-10-01,2124,9,27
2207.TW,2207,和泰車,63,2018-01-02,2026-10-01,2124,9,27
1590.TW,1590,亞德客-KY,64,2018-01-02,2026-10-01,2124,9,27
3044.TW,3044,健鼎,65,2018-01-02,2026-10-01,2124,9,27
1519.TW,1519,華城,66,2018-01-02,2026-10-01,2124,9,27
2337.TW,2337,旺宏,67,2018-01-02,2026-10-01,2124,7,21
3036.TW,3036,文曄,68,2018-01-02,2026-10-01,2124,9,27
4938.TW,4938,和碩,69,2018-01-02,2026-10-01,2124,9,27
2376.TW,2376,技嘉,70,2018-01-02,2026-10-01,2124,9,27
2356.TW,2356,英業達,71,2018-01-02,2026-10-01,2124,9,27
2618.TW,2618,長榮航,72,2018-01-02,2026-10-01,2124,8,24
6515.TW,6515,穎崴,73,2019-11-19,2026-10-01,1669,7,21
2912.TW,2912,統一超,74,2018-01-02,2026-10-01,2124,9,27
5876.TW,5876,上海商銀,75,2018-01-02,2026-10-01,2124,9,27
6239.TW,6239,力成,76,2018-01-02,2026-10-01,2124,9,27
2609.TW,2609,陽明,77,2018-01-02,2026-10-01,2124,5,15
5871.TW,5871,中租-KY,78,2018-01-02,2026-10-01,2124,9,27
2404.TW,2404,漢唐,79,2018-01-02,2026-10-01,2124,10,30
2409.TW,2409,友達,80,2018-01-02,2026-10-01,2124,9,27
6213.TW,6213,聯茂,81,2018-01-02,2026-10-01,2124,9,27
3533.TW,3533,嘉澤,82,2018-01-02,2026-10-01,2124,9,27
1101.TW,1101,台泥,83,2018-01-02,2026-10-01,2124,9,27
2324.TW,2324,仁寶,84,2018-01-02,2026-10-01,2124,9,27
6139.TW,6139,亞翔,85,2018-01-02,2026-10-01,2124,9,27
1802.TW,1802,台玻,86,2018-01-02,2026-10-01,2124,4,12
2834.TW,2834,臺企銀,87,2018-01-02,2026-10-01,2124,9,27
1605.TW,1605,華新,88,2018-01-02,2026-10-01,2124,9,27
1504.TW,1504,東元,89,2018-01-02,2026-10-01,2124,9,27
3702.TW,3702,大聯大,90,2018-01-02,2026-10-01,2124,10,30
7750.TW,7750,新代,91,2024-06-18,2026-10-01,557,2,6
6415.TW,6415,矽力*-KY,92,2018-01-02,2026-10-01,2124,10,30
6805.TW,6805,富世達,93,2020-11-20,2026-10-01,1423,6,18
1402.TW,1402,遠東新,94,2018-01-02,2026-10-01,2124,9,27
6531.TW,6531,愛普*,95,2018-01-02,2026-10-01,2124,10,30
6789.TW,6789,采鈺,96,2021-04-07,2026-10-01,1337,6,18
6919.TW,6919,康霈*,97,2022-12-26,2026-10-01,909,1,3
3532.TW,3532,台勝科,98,2018-01-02,2026-10-01,2124,10,30
2347.TW,2347,聯強,99,2018-01-02,2026-10-01,2124,9,27
2492.TW,2492,華新科,100,2018-01-02,2026-10-01,2124,9,27
