date,ticker,stock_id,name,rank,is_corporate_action_day,is_corporate_action_window,corporate_action_type,dividends,stock_splits
2018-07-25,1101.TW,1101,台泥,83,False,True,,0.0,0.0
2018-07-26,1101.TW,1101,台泥,83,True,True,ex_dividend|ex_right_or_split,1.213677,1.1
2018-07-27,1101.TW,1101,台泥,83,False,True,,0.0,0.0
2019-08-12,1101.TW,1101,台泥,83,False,True,,0.0,0.0
2019-08-13,1101.TW,1101,台泥,83,True,True,ex_dividend|ex_right_or_split,2.861728,1.070109
2019-08-14,1101.TW,1101,台泥,83,False,True,,0.0,0.0
2020-08-11,1101.TW,1101,台泥,83,False,True,,0.0,0.0
2020-08-12,1101.TW,1101,台泥,83,True,True,ex_dividend|ex_right_or_split,2.165317,1.050016
2020-08-13,1101.TW,1101,台泥,83,False,True,,0.0,0.0
2021-08-11,1101.TW,1101,台泥,83,False,True,,0.0,0.0
2021-08-12,1101.TW,1101,台泥,83,True,True,ex_dividend,3.062126,0.0
2021-08-13,1101.TW,1101,台泥,83,False,True,,0.0,0.0
2022-07-20,1101.TW,1101,台泥,83,False,True,,0.0,0.0
2022-07-21,1101.TW,1101,台泥,83,True,True,ex_dividend|ex_right_or_split,0.999283,1.0999282000000001
2022-07-22,1101.TW,1101,台泥,83,False,True,,0.0,0.0
2023-07-10,1101.TW,1101,台泥,83,False,True,,0.0,0.0
2023-07-11,1101.TW,1101,台泥,83,True,True,ex_dividend,0.49972,0.0
2023-07-12,1101.TW,1101,台泥,83,False,True,,0.0,0.0
2024-06-28,1101.TW,1101,台泥,83,False,True,,0.0,0.0
2024-07-01,1101.TW,1101,台泥,83,True,True,ex_dividend,1.0,0.0
2024-07-02,1101.TW,1101,台泥,83,False,True,,0.0,0.0
2025-07-01,1101.TW,1101,台泥,83,False,True,,0.0,0.0
2025-07-02,1101.TW,1101,台泥,83,True,True,ex_dividend,1.0,0.0
2025-07-03,1101.TW,1101,台泥,83,False,True,,0.0,0.0
2026-06-30,1101.TW,1101,台泥,83,False,True,,0.0,0.0
2026-07-01,1101.TW,1101,台泥,83,True,True,ex_dividend,0.8,0.0
2026-07-02,1101.TW,1101,台泥,83,False,True,,0.0,0.0
2018-07-04,1326.TW,1326,台化,51,False,True,,0.0,0.0
2018-07-05,1326.TW,1326,台化,51,True,True,ex_dividend,7.0,0.0
2018-07-06,1326.TW,1326,台化,51,False,True,,0.0,0.0
2019-06-25,1326.TW,1326,台化,51,False,True,,0.0,0.0
2019-06-26,1326.TW,1326,台化,51,True,True,ex_dividend,6.2,0.0
2019-06-27,1326.TW,1326,台化,51,False,True,,0.0,0.0
2020-06-30,1326.TW,1326,台化,51,False,True,,0.0,0.0
2020-07-01,1326.TW,1326,台化,51,True,True,ex_dividend,3.8,0.0
2020-07-02,1326.TW,1326,台化,51,False,True,,0.0,0.0
2021-07-26,1326.TW,1326,台化,51,False,True,,0.0,0.0
2021-07-27,1326.TW,1326,台化,51,True,True,ex_dividend,2.5,0.0
2021-07-28,1326.TW,1326,台化,51,False,True,,0.0,0.0
2022-06-27,1326.TW,1326,台化,51,False,True,,0.0,0.0
2022-06-28,1326.TW,1326,台化,51,True,True,ex_dividend,4.8,0.0
2022-06-29,1326.TW,1326,台化,51,False,True,,0.0,0.0
2023-06-13,1326.TW,1326,台化,51,False,True,,0.0,0.0
2023-06-14,1326.TW,1326,台化,51,True,True,ex_dividend,0.95,0.0
2023-06-15,1326.TW,1326,台化,51,False,True,,0.0,0.0
2024-07-09,1326.TW,1326,台化,51,False,True,,0.0,0.0
2024-07-10,1326.TW,1326,台化,51,True,True,ex_dividend,1.25,0.0
2024-07-11,1326.TW,1326,台化,51,False,True,,0.0,0.0
2025-06-30,1326.TW,1326,台化,51,False,True,,0.0,0.0
2025-07-01,1326.TW,1326,台化,51,True,True,ex_dividend,0.5,0.0
2025-07-02,1326.TW,1326,台化,51,False,True,,0.0,0.0
2026-06-23,1326.TW,1326,台化,51,False,True,,0.0,0.0
2026-06-24,1326.TW,1326,台化,51,True,True,ex_dividend,0.6,0.0
2026-06-25,1326.TW,1326,台化,51,False,True,,0.0,0.0
2018-07-18,1402.TW,1402,遠東新,94,False,True,,0.0,0.0
2018-07-19,1402.TW,1402,遠東新,94,True,True,ex_dividend,1.2,0.0
2018-07-20,1402.TW,1402,遠東新,94,False,True,,0.0,0.0
2019-07-18,1402.TW,1402,遠東新,94,False,True,,0.0,0.0
2019-07-19,1402.TW,1402,遠東新,94,True,True,ex_dividend,1.8,0.0
2019-07-22,1402.TW,1402,遠東新,94,False,True,,0.0,0.0
2020-07-24,1402.TW,1402,遠東新,94,False,True,,0.0,0.0
2020-07-27,1402.TW,1402,遠東新,94,True,True,ex_dividend,1.5,0.0
2020-07-28,1402.TW,1402,遠東新,94,False,True,,0.0,0.0
2021-07-29,1402.TW,1402,遠東新,94,False,True,,0.0,0.0
2021-07-30,1402.TW,1402,遠東新,94,True,True,ex_dividend,1.35,0.0
2021-08-02,1402.TW,1402,遠東新,94,False,True,,0.0,0.0
2022-07-27,1402.TW,1402,遠東新,94,False,True,,0.0,0.0
2022-07-28,1402.TW,1402,遠東新,94,True,True,ex_dividend,1.5,0.0
2022-07-29,1402.TW,1402,遠東新,94,False,True,,0.0,0.0
2023-07-14,1402.TW,1402,遠東新,94,False,True,,0.0,0.0
2023-07-17,1402.TW,1402,遠東新,94,True,True,ex_dividend,1.35,0.0
2023-07-18,1402.TW,1402,遠東新,94,False,True,,0.0,0.0
2024-07-17,1402.TW,1402,遠東新,94,False,True,,0.0,0.0
2024-07-18,1402.TW,1402,遠東新,94,True,True,ex_dividend,1.35,0.0
2024-07-19,1402.TW,1402,遠東新,94,False,True,,0.0,0.0
2025-07-14,1402.TW,1402,遠東新,94,False,True,,0.0,0.0
2025-07-15,1402.TW,1402,遠東新,94,True,True,ex_dividend,1.6,0.0
2025-07-16,1402.TW,1402,遠東新,94,False,True,,0.0,0.0
2026-07-13,1402.TW,1402,遠東新,94,False,True,,0.0,0.0
2026-07-14,1402.TW,1402,遠東新,94,True,True,ex_dividend,1.25,0.0
2026-07-15,1402.TW,1402,遠東新,94,False,True,,0.0,0.0
2018-07-04,1504.TW,1504,東元,89,False,True,,0.0,0.0
2018-07-05,1504.TW,1504,東元,89,True,True,ex_dividend,0.86,0.0
2018-07-06,1504.TW,1504,東元,89,False,True,,0.0,0.0
2019-07-02,1504.TW,1504,東元,89,False,True,,0.0,0.0
2019-07-03,1504.TW,1504,東元,89,True,True,ex_dividend,0.9,0.0
2019-07-04,1504.TW,1504,東元,89,False,True,,0.0,0.0
2020-06-10,1504.TW,1504,東元,89,False,True,,0.0,0.0
2020-06-11,1504.TW,1504,東元,89,True,True,ex_dividend,0.99,0.0
2020-06-12,1504.TW,1504,東元,89,False,True,,0.0,0.0
2021-06-08,1504.TW,1504,東元,89,False,True,,0.0,0.0
2021-06-09,1504.TW,1504,東元,89,True,True,ex_dividend,1.15,0.0
2021-06-10,1504.TW,1504,東元,89,False,True,,0.0,0.0
2022-06-14,1504.TW,1504,東元,89,False,True,,0.0,0.0
2022-06-15,1504.TW,1504,東元,89,True,True,ex_dividend,1.35,0.0
2022-06-16,1504.TW,1504,東元,89,False,True,,0.0,0.0
2023-06-14,1504.TW,1504,東元,89,False,True,,0.0,0.0
2023-06-15,1504.TW,1504,東元,89,True,True,ex_dividend,1.5,0.0
2023-06-16,1504.TW,1504,東元,89,False,True,,0.0,0.0
2024-06-17,1504.TW,1504,東元,89,False,True,,0.0,0.0
2024-06-18,1504.TW,1504,東元,89,True,True,ex_dividend,2.2,0.0
2024-06-19,1504.TW,1504,東元,89,False,True,,0.0,0.0
2025-06-18,1504.TW,1504,東元,89,False,True,,0.0,0.0
2025-06-19,1504.TW,1504,東元,89,True,True,ex_dividend,2.2,0.0
2025-06-20,1504.TW,1504,東元,89,False,True,,0.0,0.0
2026-06-16,1504.TW,1504,東元,89,False,True,,0.0,0.0
2026-06-17,1504.TW,1504,東元,89,True,True,ex_dividend,2.0,0.0
2026-06-18,1504.TW,1504,東元,89,False,True,,0.0,0.0
2018-07-18,1519.TW,1519,華城,66,False,True,,0.0,0.0
2018-07-19,1519.TW,1519,華城,66,True,True,ex_dividend,0.300526,0.0
2018-07-20,1519.TW,1519,華城,66,False,True,,0.0,0.0
2019-07-17,1519.TW,1519,華城,66,False,True,,0.0,0.0
2019-07-18,1519.TW,1519,華城,66,True,True,ex_dividend,0.225394,0.0
2019-07-19,1519.TW,1519,華城,66,False,True,,0.0,0.0
2020-07-29,1519.TW,1519,華城,66,False,True,,0.0,0.0
2020-07-30,1519.TW,1519,華城,66,True,True,ex_dividend,0.751315,0.0
2020-07-31,1519.TW,1519,華城,66,False,True,,0.0,0.0
2021-07-29,1519.TW,1519,華城,66,False,True,,0.0,0.0
2021-07-30,1519.TW,1519,華城,66,True,True,ex_dividend,0.976709,0.0
2021-08-02,1519.TW,1519,華城,66,False,True,,0.0,0.0
2022-07-28,1519.TW,1519,華城,66,False,True,,0.0,0.0
2022-07-29,1519.TW,1519,華城,66,True,True,ex_dividend,0.751315,0.0
2022-08-01,1519.TW,1519,華城,66,False,True,,0.0,0.0
2023-07-26,1519.TW,1519,華城,66,False,True,,0.0,0.0
2023-07-27,1519.TW,1519,華城,66,True,True,ex_dividend,1.878287,0.0
2023-07-28,1519.TW,1519,華城,66,False,True,,0.0,0.0
2024-07-23,1519.TW,1519,華城,66,False,True,,0.0,0.0
2024-07-26,1519.TW,1519,華城,66,True,True,ex_dividend|ex_right_or_split,4.958678,1.1
2024-07-29,1519.TW,1519,華城,66,False,True,,0.0,0.0
2025-07-24,1519.TW,1519,華城,66,False,True,,0.0,0.0
2025-07-25,1519.TW,1519,華城,66,True,True,ex_dividend|ex_right_or_split,8.181818,1.1
2025-07-28,1519.TW,1519,華城,66,False,True,,0.0,0.0
2026-08-04,1519.TW,1519,華城,66,False,True,,0.0,0.0
2026-08-05,1519.TW,1519,華城,66,True,True,ex_dividend|ex_right_or_split,11.0,1.1
2026-08-06,1519.TW,1519,華城,66,False,True,,0.0,0.0
2018-08-29,1590.TW,1590,亞德客-KY,64,False,True,,0.0,0.0
2018-08-30,1590.TW,1590,亞德客-KY,64,True,True,ex_dividend,7.07719,0.0
2018-08-31,1590.TW,1590,亞德客-KY,64,False,True,,0.0,0.0
2019-09-02,1590.TW,1590,亞德客-KY,64,False,True,,0.0,0.0
2019-09-03,1590.TW,1590,亞德客-KY,64,True,True,ex_dividend,4.995666,0.0
2019-09-04,1590.TW,1590,亞德客-KY,64,False,True,,0.0,0.0
2020-09-02,1590.TW,1590,亞德客-KY,64,False,True,,0.0,0.0
2020-09-03,1590.TW,1590,亞德客-KY,64,True,True,ex_dividend,4.774879,0.0
2020-09-04,1590.TW,1590,亞德客-KY,64,False,True,,0.0,0.0
2021-06-15,1590.TW,1590,亞德客-KY,64,False,True,,0.0,0.0
2021-06-16,1590.TW,1590,亞德客-KY,64,True,True,ex_dividend,8.952339,0.0
2021-06-17,1590.TW,1590,亞德客-KY,64,False,True,,0.0,0.0
2022-09-06,1590.TW,1590,亞德客-KY,64,False,True,,0.0,0.0
2022-09-07,1590.TW,1590,亞德客-KY,64,True,True,ex_dividend,13.37946,0.0
2022-09-08,1590.TW,1590,亞德客-KY,64,False,True,,0.0,0.0
2023-09-25,1590.TW,1590,亞德客-KY,64,False,True,,0.0,0.0
2023-09-26,1590.TW,1590,亞德客-KY,64,True,True,ex_dividend,13.439055,0.0
2023-09-27,1590.TW,1590,亞德客-KY,64,False,True,,0.0,0.0
2024-09-25,1590.TW,1590,亞德客-KY,64,False,True,,0.0,0.0
2024-09-26,1590.TW,1590,亞德客-KY,64,True,True,ex_dividend,17.9748,0.0
2024-09-27,1590.TW,1590,亞德客-KY,64,False,True,,0.0,0.0
2025-09-22,1590.TW,1590,亞德客-KY,64,False,True,,0.0,0.0
2025-09-23,1590.TW,1590,亞德客-KY,64,True,True,ex_dividend,20.00957,0.0
2025-09-24,1590.TW,1590,亞德客-KY,64,False,True,,0.0,0.0
2026-07-22,1590.TW,1590,亞德客-KY,64,False,True,,0.0,0.0
2026-07-23,1590.TW,1590,亞德客-KY,64,True,True,ex_dividend,30.011324,0.0
2026-07-24,1590.TW,1590,亞德客-KY,64,False,True,,0.0,0.0
2018-06-14,1605.TW,1605,華新,88,False,True,,0.0,0.0
2018-06-15,1605.TW,1605,華新,88,True,True,ex_dividend,0.976361,0.0
2018-06-19,1605.TW,1605,華新,88,False,True,,0.0,0.0
2019-06-17,1605.TW,1605,華新,88,False,True,,0.0,0.0
2019-06-18,1605.TW,1605,華新,88,True,True,ex_dividend,1.171633,0.0
2019-06-19,1605.TW,1605,華新,88,False,True,,0.0,0.0
2020-06-22,1605.TW,1605,華新,88,False,True,,0.0,0.0
2020-06-23,1605.TW,1605,華新,88,True,True,ex_dividend,0.494123,0.0
2020-06-24,1605.TW,1605,華新,88,False,True,,0.0,0.0
2021-07-30,1605.TW,1605,華新,88,False,True,,0.0,0.0
2021-08-02,1605.TW,1605,華新,88,True,True,ex_dividend,0.878725,0.0
2021-08-03,1605.TW,1605,華新,88,False,True,,0.0,0.0
2022-06-20,1605.TW,1605,華新,88,False,True,,0.0,0.0
2022-06-21,1605.TW,1605,華新,88,True,True,ex_dividend,1.589303,0.0
2022-06-22,1605.TW,1605,華新,88,False,True,,0.0,0.0
2023-06-05,1605.TW,1605,華新,88,False,True,,0.0,0.0
2023-06-06,1605.TW,1605,華新,88,True,True,ex_dividend,1.787966,0.0
2023-06-07,1605.TW,1605,華新,88,False,True,,0.0,0.0
2024-06-19,1605.TW,1605,華新,88,False,True,,0.0,0.0
2024-06-20,1605.TW,1605,華新,88,True,True,ex_dividend,1.092646,0.0
2024-06-21,1605.TW,1605,華新,88,False,True,,0.0,0.0
2025-06-03,1605.TW,1605,華新,88,False,True,,0.0,0.0
2025-06-04,1605.TW,1605,華新,88,True,True,ex_dividend,0.5,0.0
2025-06-05,1605.TW,1605,華新,88,False,True,,0.0,0.0
2026-06-10,1605.TW,1605,華新,88,False,True,,0.0,0.0
2026-06-11,1605.TW,1605,華新,88,True,True,ex_dividend,0.5,0.0
2026-06-12,1605.TW,1605,華新,88,False,True,,0.0,0.0
2018-06-29,1802.TW,1802,台玻,86,False,True,,0.0,0.0
2018-07-02,1802.TW,1802,台玻,86,True,True,ex_dividend,0.5,0.0
2018-07-03,1802.TW,1802,台玻,86,False,True,,0.0,0.0
2019-07-05,1802.TW,1802,台玻,86,False,True,,0.0,0.0
2019-07-08,1802.TW,1802,台玻,86,True,True,ex_dividend,0.3,0.0
2019-07-09,1802.TW,1802,台玻,86,False,True,,0.0,0.0
2021-07-16,1802.TW,1802,台玻,86,False,True,,0.0,0.0
2021-07-19,1802.TW,1802,台玻,86,True,True,ex_dividend,0.5,0.0
2021-07-20,1802.TW,1802,台玻,86,False,True,,0.0,0.0
2022-06-27,1802.TW,1802,台玻,86,False,True,,0.0,0.0
2022-06-28,1802.TW,1802,台玻,86,True,True,ex_dividend,1.82,0.0
2022-06-29,1802.TW,1802,台玻,86,False,True,,0.0,0.0
2018-07-25,2002.TW,2002,中鋼,62,False,True,,0.0,0.0
2018-07-26,2002.TW,2002,中鋼,62,True,True,ex_dividend,0.88,0.0
2018-07-27,2002.TW,2002,中鋼,62,False,True,,0.0,0.0
2019-07-24,2002.TW,2002,中鋼,62,False,True,,0.0,0.0
2019-07-25,2002.TW,2002,中鋼,62,True,True,ex_dividend,1.0,0.0
2019-07-26,2002.TW,2002,中鋼,62,False,True,,0.0,0.0
2020-07-23,2002.TW,2002,中鋼,62,False,True,,0.0,0.0
2020-07-24,2002.TW,2002,中鋼,62,True,True,ex_dividend,0.5,0.0
2020-07-27,2002.TW,2002,中鋼,62,False,True,,0.0,0.0
2021-08-30,2002.TW,2002,中鋼,62,False,True,,0.0,0.0
2021-08-31,2002.TW,2002,中鋼,62,True,True,ex_dividend,0.3,0.0
2021-09-01,2002.TW,2002,中鋼,62,False,True,,0.0,0.0
2022-07-25,2002.TW,2002,中鋼,62,False,True,,0.0,0.0
2022-07-26,2002.TW,2002,中鋼,62,True,True,ex_dividend,3.1,0.0
2022-07-27,2002.TW,2002,中鋼,62,False,True,,0.0,0.0
2023-07-25,2002.TW,2002,中鋼,62,False,True,,0.0,0.0
2023-07-26,2002.TW,2002,中鋼,62,True,True,ex_dividend,1.0,0.0
2023-07-27,2002.TW,2002,中鋼,62,False,True,,0.0,0.0
2024-07-23,2002.TW,2002,中鋼,62,False,True,,0.0,0.0
2024-07-26,2002.TW,2002,中鋼,62,True,True,ex_dividend,0.35,0.0
2024-07-29,2002.TW,2002,中鋼,62,False,True,,0.0,0.0
2025-07-23,2002.TW,2002,中鋼,62,False,True,,0.0,0.0
2025-07-24,2002.TW,2002,中鋼,62,True,True,ex_dividend,0.33,0.0
2025-07-25,2002.TW,2002,中鋼,62,False,True,,0.0,0.0
2026-07-23,2002.TW,2002,中鋼,62,False,True,,0.0,0.0
2026-07-24,2002.TW,2002,中鋼,62,True,True,ex_dividend,0.15,0.0
2026-07-27,2002.TW,2002,中鋼,62,False,True,,0.0,0.0
2018-07-16,2207.TW,2207,和泰車,63,False,True,,0.0,0.0
2018-07-17,2207.TW,2207,和泰車,63,True,True,ex_dividend,11.764706,0.0
2018-07-18,2207.TW,2207,和泰車,63,False,True,,0.0,0.0
2019-07-15,2207.TW,2207,和泰車,63,False,True,,0.0,0.0
2019-07-16,2207.TW,2207,和泰車,63,True,True,ex_dividend,11.764706,0.0
2019-07-17,2207.TW,2207,和泰車,63,False,True,,0.0,0.0
2020-07-13,2207.TW,2207,和泰車,63,False,True,,0.0,0.0
2020-07-14,2207.TW,2207,和泰車,63,True,True,ex_dividend,13.72549,0.0
2020-07-15,2207.TW,2207,和泰車,63,False,True,,0.0,0.0
2021-07-08,2207.TW,2207,和泰車,63,False,True,,0.0,0.0
2021-07-09,2207.TW,2207,和泰車,63,True,True,ex_dividend,16.666668,0.0
2021-07-12,2207.TW,2207,和泰車,63,False,True,,0.0,0.0
2022-07-07,2207.TW,2207,和泰車,63,False,True,,0.0,0.0
2022-07-08,2207.TW,2207,和泰車,63,True,True,ex_dividend,19.607843,0.0
2022-07-11,2207.TW,2207,和泰車,63,False,True,,0.0,0.0
2023-08-02,2207.TW,2207,和泰車,63,False,True,,0.0,0.0
2023-08-04,2207.TW,2207,和泰車,63,True,True,ex_dividend|ex_right_or_split,2.0,1.02
2023-08-07,2207.TW,2207,和泰車,63,False,True,,0.0,0.0
2024-06-19,2207.TW,2207,和泰車,63,False,True,,0.0,0.0
2024-06-20,2207.TW,2207,和泰車,63,True,True,ex_dividend,20.0,0.0
2024-06-21,2207.TW,2207,和泰車,63,False,True,,0.0,0.0
2025-07-01,2207.TW,2207,和泰車,63,False,True,,0.0,0.0
2025-07-02,2207.TW,2207,和泰車,63,True,True,ex_dividend,20.0,0.0
2025-07-03,2207.TW,2207,和泰車,63,False,True,,0.0,0.0
2026-06-11,2207.TW,2207,和泰車,63,False,True,,0.0,0.0
2026-06-12,2207.TW,2207,和泰車,63,True,True,ex_dividend,20.0,0.0
2026-06-15,2207.TW,2207,和泰車,63,False,True,,0.0,0.0
2018-07-09,2313.TW,2313,華通,60,False,True,,0.0,0.0
2018-07-10,2313.TW,2313,華通,60,True,True,ex_dividend,1.19309,0.0
2018-07-11,2313.TW,2313,華通,60,False,True,,0.0,0.0
2019-07-10,2313.TW,2313,華通,60,False,True,,0.0,0.0
2019-07-11,2313.TW,2313,華通,60,True,True,ex_dividend,0.795393,0.0
2019-07-12,2313.TW,2313,華通,60,False,True,,0.0,0.0
2020-07-08,2313.TW,2313,華通,60,False,True,,0.0,0.0
2020-07-09,2313.TW,2313,華通,60,True,True,ex_dividend,1.19309,0.0
2020-07-10,2313.TW,2313,華通,60,False,True,,0.0,0.0
2021-07-07,2313.TW,2313,華通,60,False,True,,0.0,0.0
2021-07-08,2313.TW,2313,華通,60,True,True,ex_dividend,1.491362,0.0
2021-07-09,2313.TW,2313,華通,60,False,True,,0.0,0.0
2022-04-06,2313.TW,2313,華通,60,False,True,,0.0,0.0
2022-04-07,2313.TW,2313,華通,60,True,True,ex_dividend,1.789635,0.0
2022-04-08,2313.TW,2313,華通,60,False,True,,0.0,0.0
2023-04-12,2313.TW,2313,華通,60,False,True,,0.0,0.0
2023-04-13,2313.TW,2313,華通,60,True,True,ex_dividend,2.684452,0.0
2023-04-14,2313.TW,2313,華通,60,False,True,,0.0,0.0
2024-05-31,2313.TW,2313,華通,60,False,True,,0.0,0.0
2024-06-03,2313.TW,2313,華通,60,True,True,ex_dividend,1.491362,0.0
2024-06-04,2313.TW,2313,華通,60,False,True,,0.0,0.0
2025-06-02,2313.TW,2313,華通,60,False,True,,0.0,0.0
2025-06-03,2313.TW,2313,華通,60,True,True,ex_dividend,2.386179,0.0
2025-06-04,2313.TW,2313,華通,60,False,True,,0.0,0.0
2026-06-01,2313.TW,2313,華通,60,False,True,,0.0,0.0
2026-06-02,2313.TW,2313,華通,60,True,True,ex_dividend,2.783876,0.0
2026-06-03,2313.TW,2313,華通,60,False,True,,0.0,0.0
2018-07-20,2324.TW,2324,仁寶,84,False,True,,0.0,0.0
2018-07-23,2324.TW,2324,仁寶,84,True,True,ex_dividend,1.2,0.0
2018-07-24,2324.TW,2324,仁寶,84,False,True,,0.0,0.0
2019-07-12,2324.TW,2324,仁寶,84,False,True,,0.0,0.0
2019-07-15,2324.TW,2324,仁寶,84,True,True,ex_dividend,1.2,0.0
2019-07-16,2324.TW,2324,仁寶,84,False,True,,0.0,0.0
2020-07-16,2324.TW,2324,仁寶,84,False,True,,0.0,0.0
2020-07-17,2324.TW,2324,仁寶,84,True,True,ex_dividend,1.2,0.0
2020-07-20,2324.TW,2324,仁寶,84,False,True,,0.0,0.0
2021-04-22,2324.TW,2324,仁寶,84,False,True,,0.0,0.0
2021-04-23,2324.TW,2324,仁寶,84,True,True,ex_dividend,1.6,0.0
2021-04-26,2324.TW,2324,仁寶,84,False,True,,0.0,0.0
2022-04-21,2324.TW,2324,仁寶,84,False,True,,0.0,0.0
2022-04-22,2324.TW,2324,仁寶,84,True,True,ex_dividend,2.0,0.0
2022-04-25,2324.TW,2324,仁寶,84,False,True,,0.0,0.0
2023-04-19,2324.TW,2324,仁寶,84,False,True,,0.0,0.0
2023-04-20,2324.TW,2324,仁寶,84,True,True,ex_dividend,1.2,0.0
2023-04-21,2324.TW,2324,仁寶,84,False,True,,0.0,0.0
2024-03-28,2324.TW,2324,仁寶,84,False,True,,0.0,0.0
2024-03-29,2324.TW,2324,仁寶,84,True,True,ex_dividend,1.2,0.0
2024-04-01,2324.TW,2324,仁寶,84,False,True,,0.0,0.0
2025-03-26,2324.TW,2324,仁寶,84,False,True,,0.0,0.0
2025-03-27,2324.TW,2324,仁寶,84,True,True,ex_dividend,1.4,0.0
2025-03-28,2324.TW,2324,仁寶,84,False,True,,0.0,0.0
2026-03-26,2324.TW,2324,仁寶,84,False,True,,0.0,0.0
2026-03-27,2324.TW,2324,仁寶,84,True,True,ex_dividend,1.1,0.0
2026-03-30,2324.TW,2324,仁寶,84,False,True,,0.0,0.0
2018-08-23,2337.TW,2337,旺宏,67,False,True,,0.0,0.0
2018-08-24,2337.TW,2337,旺宏,67,True,True,ex_dividend|ex_right_or_split,1.00029,1.020006
2018-08-27,2337.TW,2337,旺宏,67,False,True,,0.0,0.0
2019-08-08,2337.TW,2337,旺宏,67,False,True,,0.0,0.0
2019-08-12,2337.TW,2337,旺宏,67,True,True,ex_dividend,1.200125,0.0
2019-08-13,2337.TW,2337,旺宏,67,False,True,,0.0,0.0
2020-07-23,2337.TW,2337,旺宏,67,False,True,,0.0,0.0
2020-07-24,2337.TW,2337,旺宏,67,True,True,ex_dividend,1.189402,0.0
2020-07-27,2337.TW,2337,旺宏,67,False,True,,0.0,0.0
2021-09-07,2337.TW,2337,旺宏,67,False,True,,0.0,0.0
2021-09-08,2337.TW,2337,旺宏,67,True,True,ex_dividend,1.200109,0.0
2021-09-09,2337.TW,2337,旺宏,67,False,True,,0.0,0.0
2022-07-12,2337.TW,2337,旺宏,67,False,True,,0.0,0.0
2022-07-13,2337.TW,2337,旺宏,67,True,True,ex_dividend,1.80009,0.0
2022-07-14,2337.TW,2337,旺宏,67,False,True,,0.0,0.0
2023-06-19,2337.TW,2337,旺宏,67,False,True,,0.0,0.0
2023-06-20,2337.TW,2337,旺宏,67,True,True,ex_dividend,1.8,0.0
2023-06-21,2337.TW,2337,旺宏,67,False,True,,0.0,0.0
2024-06-21,2337.TW,2337,旺宏,67,False,True,,0.0,0.0
2024-06-24,2337.TW,2337,旺宏,67,True,True,ex_dividend,0.5,0.0
2024-06-25,2337.TW,2337,旺宏,67,False,True,,0.0,0.0
2018-08-21,2347.TW,2347,聯強,99,False,True,,0.0,0.0
2018-08-22,2347.TW,2347,聯強,99,True,True,ex_dividend,2.2,0.0
2018-08-23,2347.TW,2347,聯強,99,False,True,,0.0,0.0
2019-08-22,2347.TW,2347,聯強,99,False,True,,0.0,0.0
2019-08-23,2347.TW,2347,聯強,99,True,True,ex_dividend,2.0,0.0
2019-08-26,2347.TW,2347,聯強,99,False,True,,0.0,0.0
2020-06-15,2347.TW,2347,聯強,99,False,True,,0.0,0.0
2020-06-16,2347.TW,2347,聯強,99,True,True,ex_dividend,2.6,0.0
2020-06-17,2347.TW,2347,聯強,99,False,True,,0.0,0.0
2021-06-07,2347.TW,2347,聯強,99,False,True,,0.0,0.0
2021-06-08,2347.TW,2347,聯強,99,True,True,ex_dividend,3.3,0.0
2021-06-09,2347.TW,2347,聯強,99,False,True,,0.0,0.0
2022-06-08,2347.TW,2347,聯強,99,False,True,,0.0,0.0
2022-06-09,2347.TW,2347,聯強,99,True,True,ex_dividend,5.0,0.0
2022-06-10,2347.TW,2347,聯強,99,False,True,,0.0,0.0
2023-06-06,2347.TW,2347,聯強,99,False,True,,0.0,0.0
2023-06-07,2347.TW,2347,聯強,99,True,True,ex_dividend,3.5,0.0
2023-06-08,2347.TW,2347,聯強,99,False,True,,0.0,0.0
2024-06-21,2347.TW,2347,聯強,99,False,True,,0.0,0.0
2024-06-24,2347.TW,2347,聯強,99,True,True,ex_dividend,3.0,0.0
2024-06-25,2347.TW,2347,聯強,99,False,True,,0.0,0.0
2025-06-20,2347.TW,2347,聯強,99,False,True,,0.0,0.0
2025-06-23,2347.TW,2347,聯強,99,True,True,ex_dividend,4.0,0.0
2025-06-24,2347.TW,2347,聯強,99,False,True,,0.0,0.0
2026-07-10,2347.TW,2347,聯強,99,False,True,,0.0,0.0
2026-07-13,2347.TW,2347,聯強,99,True,True,ex_dividend,4.2,0.0
2026-07-14,2347.TW,2347,聯強,99,False,True,,0.0,0.0
2018-07-11,2356.TW,2356,英業達,71,False,True,,0.0,0.0
2018-07-12,2356.TW,2356,英業達,71,True,True,ex_dividend,1.65,0.0
2018-07-13,2356.TW,2356,英業達,71,False,True,,0.0,0.0
2019-07-10,2356.TW,2356,英業達,71,False,True,,0.0,0.0
2019-07-11,2356.TW,2356,英業達,71,True,True,ex_dividend,1.5,0.0
2019-07-12,2356.TW,2356,英業達,71,False,True,,0.0,0.0
2020-07-14,2356.TW,2356,英業達,71,False,True,,0.0,0.0
2020-07-15,2356.TW,2356,英業達,71,True,True,ex_dividend,1.3,0.0
2020-07-16,2356.TW,2356,英業達,71,False,True,,0.0,0.0
2021-07-14,2356.TW,2356,英業達,71,False,True,,0.0,0.0
2021-07-15,2356.TW,2356,英業達,71,True,True,ex_dividend,1.85,0.0
2021-07-16,2356.TW,2356,英業達,71,False,True,,0.0,0.0
2022-07-13,2356.TW,2356,英業達,71,False,True,,0.0,0.0
2022-07-14,2356.TW,2356,英業達,71,True,True,ex_dividend,1.4,0.0
2022-07-15,2356.TW,2356,英業達,71,False,True,,0.0,0.0
2023-07-11,2356.TW,2356,英業達,71,False,True,,0.0,0.0
2023-07-12,2356.TW,2356,英業達,71,True,True,ex_dividend,1.5,0.0
2023-07-13,2356.TW,2356,英業達,71,False,True,,0.0,0.0
2024-07-10,2356.TW,2356,英業達,71,False,True,,0.0,0.0
2024-07-11,2356.TW,2356,英業達,71,True,True,ex_dividend,1.5,0.0
2024-07-12,2356.TW,2356,英業達,71,False,True,,0.0,0.0
2025-07-09,2356.TW,2356,英業達,71,False,True,,0.0,0.0
2025-07-10,2356.TW,2356,英業達,71,True,True,ex_dividend,1.7,0.0
2025-07-11,2356.TW,2356,英業達,71,False,True,,0.0,0.0
2026-07-14,2356.TW,2356,英業達,71,False,True,,0.0,0.0
2026-07-15,2356.TW,2356,英業達,71,True,True,ex_dividend,2.0,0.0
2026-07-16,2356.TW,2356,英業達,71,False,True,,0.0,0.0
2018-07-11,2376.TW,2376,技嘉,70,False,True,,0.0,0.0
2018-07-12,2376.TW,2376,技嘉,70,True,True,ex_dividend,4.0,0.0
2018-07-13,2376.TW,2376,技嘉,70,False,True,,0.0,0.0
2019-07-12,2376.TW,2376,技嘉,70,False,True,,0.0,0.0
2019-07-15,2376.TW,2376,技嘉,70,True,True,ex_dividend,3.0,0.0
2019-07-16,2376.TW,2376,技嘉,70,False,True,,0.0,0.0
2020-07-14,2376.TW,2376,技嘉,70,False,True,,0.0,0.0
2020-07-15,2376.TW,2376,技嘉,70,True,True,ex_dividend,2.2,0.0
2020-07-16,2376.TW,2376,技嘉,70,False,True,,0.0,0.0
2021-07-07,2376.TW,2376,技嘉,70,False,True,,0.0,0.0
2021-07-08,2376.TW,2376,技嘉,70,True,True,ex_dividend,5.0,0.0
2021-07-09,2376.TW,2376,技嘉,70,False,True,,0.0,0.0
2022-08-03,2376.TW,2376,技嘉,70,False,True,,0.0,0.0
2022-08-04,2376.TW,2376,技嘉,70,True,True,ex_dividend,12.0,0.0
2022-08-05,2376.TW,2376,技嘉,70,False,True,,0.0,0.0
2023-08-02,2376.TW,2376,技嘉,70,False,True,,0.0,0.0
2023-08-04,2376.TW,2376,技嘉,70,True,True,ex_dividend,6.2,0.0
2023-08-07,2376.TW,2376,技嘉,70,False,True,,0.0,0.0
2024-08-02,2376.TW,2376,技嘉,70,False,True,,0.0,0.0
2024-08-05,2376.TW,2376,技嘉,70,True,True,ex_dividend,6.357943,0.0
2024-08-06,2376.TW,2376,技嘉,70,False,True,,0.0,0.0
2025-07-29,2376.TW,2376,技嘉,70,False,True,,0.0,0.0
2025-07-30,2376.TW,2376,技嘉,70,True,True,ex_dividend,10.0,0.0
2025-07-31,2376.TW,2376,技嘉,70,False,True,,0.0,0.0
2026-07-31,2376.TW,2376,技嘉,70,False,True,,0.0,0.0
2026-08-03,2376.TW,2376,技嘉,70,True,True,ex_dividend,12.0,0.0
2026-08-04,2376.TW,2376,技嘉,70,False,True,,0.0,0.0
2018-09-05,2379.TW,2379,瑞昱,53,False,True,,0.0,0.0
2018-09-06,2379.TW,2379,瑞昱,53,True,True,ex_dividend,5.5,0.0
2018-09-07,2379.TW,2379,瑞昱,53,False,True,,0.0,0.0
2019-09-04,2379.TW,2379,瑞昱,53,False,True,,0.0,0.0
2019-09-05,2379.TW,2379,瑞昱,53,True,True,ex_dividend,7.0,0.0
2019-09-06,2379.TW,2379,瑞昱,53,False,True,,0.0,0.0
2020-09-07,2379.TW,2379,瑞昱,53,False,True,,0.0,0.0
2020-09-08,2379.TW,2379,瑞昱,53,True,True,ex_dividend,11.0,0.0
2020-09-09,2379.TW,2379,瑞昱,53,False,True,,0.0,0.0
2021-09-07,2379.TW,2379,瑞昱,53,False,True,,0.0,0.0
2021-09-08,2379.TW,2379,瑞昱,53,True,True,ex_dividend,14.0,0.0
2021-09-09,2379.TW,2379,瑞昱,53,False,True,,0.0,0.0
2022-09-08,2379.TW,2379,瑞昱,53,False,True,,0.0,0.0
2022-09-12,2379.TW,2379,瑞昱,53,True,True,ex_dividend,27.0,0.0
2022-09-13,2379.TW,2379,瑞昱,53,False,True,,0.0,0.0
2023-09-08,2379.TW,2379,瑞昱,53,False,True,,0.0,0.0
2023-09-11,2379.TW,2379,瑞昱,53,True,True,ex_dividend,27.0,0.0
2023-09-12,2379.TW,2379,瑞昱,53,False,True,,0.0,0.0
2024-09-04,2379.TW,2379,瑞昱,53,False,True,,0.0,0.0
2024-09-05,2379.TW,2379,瑞昱,53,True,True,ex_dividend,15.5,0.0
2024-09-06,2379.TW,2379,瑞昱,53,False,True,,0.0,0.0
2025-09-09,2379.TW,2379,瑞昱,53,False,True,,0.0,0.0
2025-09-10,2379.TW,2379,瑞昱,53,True,True,ex_dividend,25.5,0.0
2025-09-11,2379.TW,2379,瑞昱,53,False,True,,0.0,0.0
2026-09-07,2379.TW,2379,瑞昱,53,False,True,,0.0,0.0
2026-09-08,2379.TW,2379,瑞昱,53,True,True,ex_dividend,25.0,0.0
2026-09-09,2379.TW,2379,瑞昱,53,False,True,,0.0,0.0
2018-06-29,2404.TW,2404,漢唐,79,False,True,,0.0,0.0
2018-07-02,2404.TW,2404,漢唐,79,True,True,ex_dividend,7.5,0.0
2018-07-03,2404.TW,2404,漢唐,79,False,True,,0.0,0.0
2018-11-28,2404.TW,2404,漢唐,79,False,True,,0.0,0.0
2018-11-29,2404.TW,2404,漢唐,79,True,True,ex_right_or_split,0.0,0.8
2018-11-30,2404.TW,2404,漢唐,79,False,True,,0.0,0.0
2019-07-08,2404.TW,2404,漢唐,79,False,True,,0.0,0.0
2019-07-09,2404.TW,2404,漢唐,79,True,True,ex_dividend,10.0,0.0
2019-07-10,2404.TW,2404,漢唐,79,False,True,,0.0,0.0
2020-06-16,2404.TW,2404,漢唐,79,False,True,,0.0,0.0
2020-06-17,2404.TW,2404,漢唐,79,True,True,ex_dividend,13.0,0.0
2020-06-18,2404.TW,2404,漢唐,79,False,True,,0.0,0.0
2021-06-17,2404.TW,2404,漢唐,79,False,True,,0.0,0.0
2021-06-18,2404.TW,2404,漢唐,79,True,True,ex_dividend,17.0,0.0
2021-06-21,2404.TW,2404,漢唐,79,False,True,,0.0,0.0
2022-06-27,2404.TW,2404,漢唐,79,False,True,,0.0,0.0
2022-06-28,2404.TW,2404,漢唐,79,True,True,ex_dividend,13.125297,0.0
2022-06-29,2404.TW,2404,漢唐,79,False,True,,0.0,0.0
2023-07-12,2404.TW,2404,漢唐,79,False,True,,0.0,0.0
2023-07-13,2404.TW,2404,漢唐,79,True,True,ex_dividend,15.0,0.0
2023-07-14,2404.TW,2404,漢唐,79,False,True,,0.0,0.0
2024-07-11,2404.TW,2404,漢唐,79,False,True,,0.0,0.0
2024-07-12,2404.TW,2404,漢唐,79,True,True,ex_dividend,21.0,0.0
2024-07-15,2404.TW,2404,漢唐,79,False,True,,0.0,0.0
2025-07-16,2404.TW,2404,漢唐,79,False,True,,0.0,0.0
2025-07-17,2404.TW,2404,漢唐,79,True,True,ex_dividend,28.0,0.0
2025-07-18,2404.TW,2404,漢唐,79,False,True,,0.0,0.0
2026-07-15,2404.TW,2404,漢唐,79,False,True,,0.0,0.0
2026-07-16,2404.TW,2404,漢唐,79,True,True,ex_dividend,40.0,0.0
2026-07-17,2404.TW,2404,漢唐,79,False,True,,0.0,0.0
2018-07-11,2409.TW,2409,友達,80,False,True,,0.0,0.0
2018-07-12,2409.TW,2409,友達,80,True,True,ex_dividend,1.875,0.0
2018-07-13,2409.TW,2409,友達,80,False,True,,0.0,0.0
2019-07-10,2409.TW,2409,友達,80,False,True,,0.0,0.0
2019-07-11,2409.TW,2409,友達,80,True,True,ex_dividend,0.625,0.0
2019-07-12,2409.TW,2409,友達,80,False,True,,0.0,0.0
2021-06-23,2409.TW,2409,友達,80,False,True,,0.0,0.0
2021-06-24,2409.TW,2409,友達,80,True,True,ex_dividend,0.375,0.0
2021-06-25,2409.TW,2409,友達,80,False,True,,0.0,0.0
2022-07-01,2409.TW,2409,友達,80,False,True,,0.0,0.0
2022-07-04,2409.TW,2409,友達,80,True,True,ex_dividend,1.25,0.0
2022-07-05,2409.TW,2409,友達,80,False,True,,0.0,0.0
2022-09-28,2409.TW,2409,友達,80,False,True,,0.0,0.0
2022-09-29,2409.TW,2409,友達,80,True,True,ex_dividend|ex_right_or_split,2.0,0.8
2022-09-30,2409.TW,2409,友達,80,False,True,,0.0,0.0
2023-08-09,2409.TW,2409,友達,80,False,True,,0.0,0.0
2023-08-10,2409.TW,2409,友達,80,True,True,ex_dividend,0.8,0.0
2023-08-11,2409.TW,2409,友達,80,False,True,,0.0,0.0
2024-08-02,2409.TW,2409,友達,80,False,True,,0.0,0.0
2024-08-05,2409.TW,2409,友達,80,True,True,ex_dividend,0.9,0.0
2024-08-06,2409.TW,2409,友達,80,False,True,,0.0,0.0
2025-08-04,2409.TW,2409,友達,80,False,True,,0.0,0.0
2025-08-05,2409.TW,2409,友達,80,True,True,ex_dividend,0.304801,0.0
2025-08-06,2409.TW,2409,友達,80,False,True,,0.0,0.0
2026-07-29,2409.TW,2409,友達,80,False,True,,0.0,0.0
2026-07-30,2409.TW,2409,友達,80,True,True,ex_dividend,0.4,0.0
2026-07-31,2409.TW,2409,友達,80,False,True,,0.0,0.0
2018-07-17,2449.TW,2449,京元電子,57,False,True,,0.0,0.0
2018-07-18,2449.TW,2449,京元電子,57,True,True,ex_dividend,1.712227,0.0
2018-07-19,2449.TW,2449,京元電子,57,False,True,,0.0,0.0
2019-07-17,2449.TW,2449,京元電子,57,False,True,,0.0,0.0
2019-07-18,2449.TW,2449,京元電子,57,True,True,ex_dividend,1.285714,0.0
2019-07-19,2449.TW,2449,京元電子,57,False,True,,0.0,0.0
2020-07-10,2449.TW,2449,京元電子,57,False,True,,0.0,0.0
2020-07-13,2449.TW,2449,京元電子,57,True,True,ex_dividend,1.714286,0.0
2020-07-14,2449.TW,2449,京元電子,57,False,True,,0.0,0.0
2021-08-18,2449.TW,2449,京元電子,57,False,True,,0.0,0.0
2021-08-19,2449.TW,2449,京元電子,57,True,True,ex_dividend,1.904762,0.0
2021-08-20,2449.TW,2449,京元電子,57,False,True,,0.0,0.0
2022-07-20,2449.TW,2449,京元電子,57,False,True,,0.0,0.0
2022-07-21,2449.TW,2449,京元電子,57,True,True,ex_dividend,2.857143,0.0
2022-07-22,2449.TW,2449,京元電子,57,False,True,,0.0,0.0
2023-07-12,2449.TW,2449,京元電子,57,False,True,,0.0,0.0
2023-07-13,2449.TW,2449,京元電子,57,True,True,ex_dividend,3.333333,0.0
2023-07-14,2449.TW,2449,京元電子,57,False,True,,0.0,0.0
2024-07-15,2449.TW,2449,京元電子,57,False,True,,0.0,0.0
2024-07-16,2449.TW,2449,京元電子,57,True,True,ex_dividend,3.047619,0.0
2024-07-17,2449.TW,2449,京元電子,57,False,True,,0.0,0.0
2025-07-09,2449.TW,2449,京元電子,57,False,True,,0.0,0.0
2025-07-10,2449.TW,2449,京元電子,57,True,True,ex_dividend,3.809524,0.0
2025-07-11,2449.TW,2449,京元電子,57,False,True,,0.0,0.0
2026-07-27,2449.TW,2449,京元電子,57,False,True,,0.0,0.0
2026-07-28,2449.TW,2449,京元電子,57,True,True,ex_dividend|ex_right_or_split,1.0,1.05
2026-07-29,2449.TW,2449,京元電子,57,False,True,,0.0,0.0
2018-08-07,2492.TW,2492,華新科,100,False,True,,0.0,0.0
2018-08-08,2492.TW,2492,華新科,100,True,True,ex_dividend,4.018694,0.0
2018-08-09,2492.TW,2492,華新科,100,False,True,,0.0,0.0
2019-08-07,2492.TW,2492,華新科,100,False,True,,0.0,0.0
2019-08-08,2492.TW,2492,華新科,100,True,True,ex_dividend,16.331528,0.0
2019-08-12,2492.TW,2492,華新科,100,False,True,,0.0,0.0
2020-08-05,2492.TW,2492,華新科,100,False,True,,0.0,0.0
2020-08-06,2492.TW,2492,華新科,100,True,True,ex_dividend,5.5,0.0
2020-08-07,2492.TW,2492,華新科,100,False,True,,0.0,0.0
2021-08-27,2492.TW,2492,華新科,100,False,True,,0.0,0.0
2021-08-30,2492.TW,2492,華新科,100,True,True,ex_dividend,6.012384,0.0
2021-08-31,2492.TW,2492,華新科,100,False,True,,0.0,0.0
2022-08-09,2492.TW,2492,華新科,100,False,True,,0.0,0.0
2022-08-10,2492.TW,2492,華新科,100,True,True,ex_dividend,4.509282,0.0
2022-08-11,2492.TW,2492,華新科,100,False,True,,0.0,0.0
2023-07-27,2492.TW,2492,華新科,100,False,True,,0.0,0.0
2023-07-28,2492.TW,2492,華新科,100,True,True,ex_dividend,2.40495,0.0
2023-07-31,2492.TW,2492,華新科,100,False,True,,0.0,0.0
2024-07-09,2492.TW,2492,華新科,100,False,True,,0.0,0.0
2024-07-10,2492.TW,2492,華新科,100,True,True,ex_dividend,2.154433,0.0
2024-07-11,2492.TW,2492,華新科,100,False,True,,0.0,0.0
2025-07-08,2492.TW,2492,華新科,100,False,True,,0.0,0.0
2025-07-09,2492.TW,2492,華新科,100,True,True,ex_dividend,2.40495,0.0
2025-07-10,2492.TW,2492,華新科,100,False,True,,0.0,0.0
2026-07-08,2492.TW,2492,華新科,100,False,True,,0.0,0.0
2026-07-09,2492.TW,2492,華新科,100,True,True,ex_dividend,2.503091,0.0
2026-07-10,2492.TW,2492,華新科,100,False,True,,0.0,0.0
2022-06-24,2609.TW,2609,陽明,77,False,True,,0.0,0.0
2022-06-27,2609.TW,2609,陽明,77,True,True,ex_dividend,20.0,0.0
2022-06-28,2609.TW,2609,陽明,77,False,True,,0.0,0.0
2023-07-03,2609.TW,2609,陽明,77,False,True,,0.0,0.0
2023-07-04,2609.TW,2609,陽明,77,True,True,ex_dividend,20.0,0.0
2023-07-05,2609.TW,2609,陽明,77,False,True,,0.0,0.0
2024-07-08,2609.TW,2609,陽明,77,False,True,,0.0,0.0
2024-07-09,2609.TW,2609,陽明,77,True,True,ex_dividend,2.0,0.0
2024-07-10,2609.TW,2609,陽明,77,False,True,,0.0,0.0
2025-07-08,2609.TW,2609,陽明,77,False,True,,0.0,0.0
2025-07-09,2609.TW,2609,陽明,77,True,True,ex_dividend,7.5,0.0
2025-07-10,2609.TW,2609,陽明,77,False,True,,0.0,0.0
2026-07-13,2609.TW,2609,陽明,77,False,True,,0.0,0.0
2026-07-14,2609.TW,2609,陽明,77,True,True,ex_dividend,2.0,0.0
2026-07-15,2609.TW,2609,陽明,77,False,True,,0.0,0.0
2018-07-13,2615.TW,2615,萬海,59,False,True,,0.0,0.0
2018-07-16,2615.TW,2615,萬海,59,True,True,ex_dividend,0.395257,0.0
2018-07-17,2615.TW,2615,萬海,59,False,True,,0.0,0.0
2019-07-11,2615.TW,2615,萬海,59,False,True,,0.0,0.0
2019-07-12,2615.TW,2615,萬海,59,True,True,ex_dividend,0.478758,0.0
2019-07-15,2615.TW,2615,萬海,59,False,True,,0.0,0.0
2020-08-26,2615.TW,2615,萬海,59,False,True,,0.0,0.0
2020-08-27,2615.TW,2615,萬海,59,True,True,ex_dividend,0.632411,0.0
2020-08-28,2615.TW,2615,萬海,59,False,True,,0.0,0.0
2021-09-06,2615.TW,2615,萬海,59,False,True,,0.0,0.0
2021-09-07,2615.TW,2615,萬海,59,True,True,ex_dividend|ex_right_or_split,0.869565,1.1
2021-09-08,2615.TW,2615,萬海,59,False,True,,0.0,0.0
2022-07-19,2615.TW,2615,萬海,59,False,True,,0.0,0.0
2022-07-20,2615.TW,2615,萬海,59,True,True,ex_dividend|ex_right_or_split,10.5,1.15
2022-07-21,2615.TW,2615,萬海,59,False,True,,0.0,0.0
2023-06-30,2615.TW,2615,萬海,59,False,True,,0.0,0.0
2023-07-03,2615.TW,2615,萬海,59,True,True,ex_dividend,5.0,0.0
2023-07-04,2615.TW,2615,萬海,59,False,True,,0.0,0.0
2024-06-12,2615.TW,2615,萬海,59,False,True,,0.0,0.0
2024-06-13,2615.TW,2615,萬海,59,True,True,ex_dividend,1.5,0.0
2024-06-14,2615.TW,2615,萬海,59,False,True,,0.0,0.0
2025-06-23,2615.TW,2615,萬海,59,False,True,,0.0,0.0
2025-06-24,2615.TW,2615,萬海,59,True,True,ex_dividend,3.5,0.0
2025-06-25,2615.TW,2615,萬海,59,False,True,,0.0,0.0
2026-07-03,2615.TW,2615,萬海,59,False,True,,0.0,0.0
2026-07-06,2615.TW,2615,萬海,59,True,True,ex_dividend,3.0,0.0
2026-07-07,2615.TW,2615,萬海,59,False,True,,0.0,0.0
2018-09-10,2618.TW,2618,長榮航,72,False,True,,0.0,0.0
2018-09-11,2618.TW,2618,長榮航,72,True,True,ex_dividend|ex_right_or_split,0.192445,1.05
2018-09-12,2618.TW,2618,長榮航,72,False,True,,0.0,0.0
2019-09-04,2618.TW,2618,長榮航,72,False,True,,0.0,0.0
2019-09-05,2618.TW,2618,長榮航,72,True,True,ex_dividend|ex_right_or_split,0.497277,1.029837
2019-09-06,2618.TW,2618,長榮航,72,False,True,,0.0,0.0
2020-09-02,2618.TW,2618,長榮航,72,False,True,,0.0,0.0
2020-09-03,2618.TW,2618,長榮航,72,True,True,ex_dividend,0.25,0.0
2020-09-04,2618.TW,2618,長榮航,72,False,True,,0.0,0.0
2022-08-03,2618.TW,2618,長榮航,72,False,True,,0.0,0.0
2022-08-04,2618.TW,2618,長榮航,72,True,True,ex_dividend,0.591695,0.0
2022-08-05,2618.TW,2618,長榮航,72,False,True,,0.0,0.0
2023-07-13,2618.TW,2618,長榮航,72,False,True,,0.0,0.0
2023-07-14,2618.TW,2618,長榮航,72,True,True,ex_dividend,0.799071,0.0
2023-07-17,2618.TW,2618,長榮航,72,False,True,,0.0,0.0
2024-07-05,2618.TW,2618,長榮航,72,False,True,,0.0,0.0
2024-07-08,2618.TW,2618,長榮航,72,True,True,ex_dividend,1.8,0.0
2024-07-09,2618.TW,2618,長榮航,72,False,True,,0.0,0.0
2025-07-08,2618.TW,2618,長榮航,72,False,True,,0.0,0.0
2025-07-09,2618.TW,2618,長榮航,72,True,True,ex_dividend,2.4,0.0
2025-07-10,2618.TW,2618,長榮航,72,False,True,,0.0,0.0
2026-07-07,2618.TW,2618,長榮航,72,False,True,,0.0,0.0
2026-07-08,2618.TW,2618,長榮航,72,True,True,ex_dividend,2.0,0.0
2026-07-09,2618.TW,2618,長榮航,72,False,True,,0.0,0.0
2018-09-03,2801.TW,2801,彰銀,61,False,True,,0.0,0.0
2018-09-04,2801.TW,2801,彰銀,61,True,True,ex_dividend|ex_right_or_split,0.365275,1.04
2018-09-05,2801.TW,2801,彰銀,61,False,True,,0.0,0.0
2019-08-05,2801.TW,2801,彰銀,61,False,True,,0.0,0.0
2019-08-06,2801.TW,2801,彰銀,61,True,True,ex_dividend|ex_right_or_split,0.529892,1.02
2019-08-07,2801.TW,2801,彰銀,61,False,True,,0.0,0.0
2020-08-10,2801.TW,2801,彰銀,61,False,True,,0.0,0.0
2020-08-11,2801.TW,2801,彰銀,61,True,True,ex_dividend|ex_right_or_split,0.34443,1.04
2020-08-12,2801.TW,2801,彰銀,61,False,True,,0.0,0.0
2021-08-30,2801.TW,2801,彰銀,61,False,True,,0.0,0.0
2021-08-31,2801.TW,2801,彰銀,61,True,True,ex_dividend|ex_right_or_split,0.313087,1.01
2021-09-01,2801.TW,2801,彰銀,61,False,True,,0.0,0.0
2022-08-10,2801.TW,2801,彰銀,61,False,True,,0.0,0.0
2022-08-11,2801.TW,2801,彰銀,61,True,True,ex_dividend|ex_right_or_split,0.439191,1.01
2022-08-12,2801.TW,2801,彰銀,61,False,True,,0.0,0.0
2023-08-09,2801.TW,2801,彰銀,61,False,True,,0.0,0.0
2023-08-10,2801.TW,2801,彰銀,61,True,True,ex_dividend|ex_right_or_split,0.495188,1.025
2023-08-11,2801.TW,2801,彰銀,61,False,True,,0.0,0.0
2024-08-14,2801.TW,2801,彰銀,61,False,True,,0.0,0.0
2024-08-15,2801.TW,2801,彰銀,61,True,True,ex_dividend|ex_right_or_split,0.511034,1.032
2024-08-16,2801.TW,2801,彰銀,61,False,True,,0.0,0.0
2025-07-30,2801.TW,2801,彰銀,61,False,True,,0.0,0.0
2025-07-31,2801.TW,2801,彰銀,61,True,True,ex_dividend|ex_right_or_split,0.487805,1.05
2025-08-04,2801.TW,2801,彰銀,61,False,True,,0.0,0.0
2026-08-04,2801.TW,2801,彰銀,61,False,True,,0.0,0.0
2026-08-05,2801.TW,2801,彰銀,61,True,True,ex_dividend|ex_right_or_split,0.8,1.025
2026-08-06,2801.TW,2801,彰銀,61,False,True,,0.0,0.0
2018-09-05,2834.TW,2834,臺企銀,87,False,True,,0.0,0.0
2018-09-06,2834.TW,2834,臺企銀,87,True,True,ex_dividend|ex_right_or_split,0.175062,1.04
2018-09-07,2834.TW,2834,臺企銀,87,False,True,,0.0,0.0
2019-08-13,2834.TW,2834,臺企銀,87,False,True,,0.0,0.0
2019-08-14,2834.TW,2834,臺企銀,87,True,True,ex_dividend|ex_right_or_split,0.195965,1.05
2019-08-15,2834.TW,2834,臺企銀,87,False,True,,0.0,0.0
2020-07-21,2834.TW,2834,臺企銀,87,False,True,,0.0,0.0
2020-07-22,2834.TW,2834,臺企銀,87,True,True,ex_dividend|ex_right_or_split,0.144034,1.05
2020-07-23,2834.TW,2834,臺企銀,87,False,True,,0.0,0.0
2021-09-07,2834.TW,2834,臺企銀,87,False,True,,0.0,0.0
2021-09-08,2834.TW,2834,臺企銀,87,True,True,ex_dividend|ex_right_or_split,0.074466,1.034
2021-09-09,2834.TW,2834,臺企銀,87,False,True,,0.0,0.0
2022-08-01,2834.TW,2834,臺企銀,87,False,True,,0.0,0.0
2022-08-02,2834.TW,2834,臺企銀,87,True,True,ex_dividend|ex_right_or_split,0.077221,1.037
2022-08-03,2834.TW,2834,臺企銀,87,False,True,,0.0,0.0
2023-08-30,2834.TW,2834,臺企銀,87,False,True,,0.0,0.0
2023-08-31,2834.TW,2834,臺企銀,87,True,True,ex_dividend|ex_right_or_split,0.079074,1.024
2023-09-01,2834.TW,2834,臺企銀,87,False,True,,0.0,0.0
2024-08-07,2834.TW,2834,臺企銀,87,False,True,,0.0,0.0
2024-08-08,2834.TW,2834,臺企銀,87,True,True,ex_dividend|ex_right_or_split,0.176336,1.115
2024-08-09,2834.TW,2834,臺企銀,87,False,True,,0.0,0.0
2025-08-04,2834.TW,2834,臺企銀,87,False,True,,0.0,0.0
2025-08-05,2834.TW,2834,臺企銀,87,True,True,ex_dividend|ex_right_or_split,0.186916,1.06
2025-08-06,2834.TW,2834,臺企銀,87,False,True,,0.0,0.0
2026-08-03,2834.TW,2834,臺企銀,87,False,True,,0.0,0.0
2026-08-04,2834.TW,2834,臺企銀,87,True,True,ex_dividend|ex_right_or_split,0.3,1.07
2026-08-05,2834.TW,2834,臺企銀,87,False,True,,0.0,0.0
2018-07-31,2912.TW,2912,統一超,74,False,True,,0.0,0.0
2018-08-01,2912.TW,2912,統一超,74,True,True,ex_dividend,25.0,0.0
2018-08-02,2912.TW,2912,統一超,74,False,True,,0.0,0.0
2019-07-30,2912.TW,2912,統一超,74,False,True,,0.0,0.0
2019-07-31,2912.TW,2912,統一超,74,True,True,ex_dividend,8.8,0.0
2019-08-01,2912.TW,2912,統一超,74,False,True,,0.0,0.0
2020-08-04,2912.TW,2912,統一超,74,False,True,,0.0,0.0
2020-08-05,2912.TW,2912,統一超,74,True,True,ex_dividend,9.0,0.0
2020-08-06,2912.TW,2912,統一超,74,False,True,,0.0,0.0
2021-09-06,2912.TW,2912,統一超,74,False,True,,0.0,0.0
2021-09-07,2912.TW,2912,統一超,74,True,True,ex_dividend,9.0,0.0
2021-09-08,2912.TW,2912,統一超,74,False,True,,0.0,0.0
2022-08-02,2912.TW,2912,統一超,74,False,True,,0.0,0.0
2022-08-03,2912.TW,2912,統一超,74,True,True,ex_dividend,9.0,0.0
2022-08-04,2912.TW,2912,統一超,74,False,True,,0.0,0.0
2023-08-02,2912.TW,2912,統一超,74,False,True,,0.0,0.0
2023-08-04,2912.TW,2912,統一超,74,True,True,ex_dividend,9.0,0.0
2023-08-07,2912.TW,2912,統一超,74,False,True,,0.0,0.0
2024-07-31,2912.TW,2912,統一超,74,False,True,,0.0,0.0
2024-08-01,2912.TW,2912,統一超,74,True,True,ex_dividend,9.0,0.0
2024-08-02,2912.TW,2912,統一超,74,False,True,,0.0,0.0
2025-07-30,2912.TW,2912,統一超,74,False,True,,0.0,0.0
2025-07-31,2912.TW,2912,統一超,74,True,True,ex_dividend,9.0,0.0
2025-08-04,2912.TW,2912,統一超,74,False,True,,0.0,0.0
2026-07-29,2912.TW,2912,統一超,74,False,True,,0.0,0.0
2026-07-30,2912.TW,2912,統一超,74,True,True,ex_dividend,9.0,0.0
2026-07-31,2912.TW,2912,統一超,74,False,True,,0.0,0.0
2018-07-11,3034.TW,3034,聯詠,58,False,True,,0.0,0.0
2018-07-12,3034.TW,3034,聯詠,58,True,True,ex_dividend,7.1,0.0
2018-07-13,3034.TW,3034,聯詠,58,False,True,,0.0,0.0
2019-07-11,3034.TW,3034,聯詠,58,False,True,,0.0,0.0
2019-07-12,3034.TW,3034,聯詠,58,True,True,ex_dividend,8.8,0.0
2019-07-15,3034.TW,3034,聯詠,58,False,True,,0.0,0.0
2020-07-10,3034.TW,3034,聯詠,58,False,True,,0.0,0.0
2020-07-13,3034.TW,3034,聯詠,58,True,True,ex_dividend,10.5,0.0
2020-07-14,3034.TW,3034,聯詠,58,False,True,,0.0,0.0
2021-08-16,3034.TW,3034,聯詠,58,False,True,,0.0,0.0
2021-08-17,3034.TW,3034,聯詠,58,True,True,ex_dividend,15.6,0.0
2021-08-18,3034.TW,3034,聯詠,58,False,True,,0.0,0.0
2022-07-11,3034.TW,3034,聯詠,58,False,True,,0.0,0.0
2022-07-12,3034.TW,3034,聯詠,58,True,True,ex_dividend,51.5,0.0
2022-07-13,3034.TW,3034,聯詠,58,False,True,,0.0,0.0
2023-07-10,3034.TW,3034,聯詠,58,False,True,,0.0,0.0
2023-07-11,3034.TW,3034,聯詠,58,True,True,ex_dividend,37.0,0.0
2023-07-12,3034.TW,3034,聯詠,58,False,True,,0.0,0.0
2024-07-09,3034.TW,3034,聯詠,58,False,True,,0.0,0.0
2024-07-10,3034.TW,3034,聯詠,58,True,True,ex_dividend,32.0,0.0
2024-07-11,3034.TW,3034,聯詠,58,False,True,,0.0,0.0
2025-07-08,3034.TW,3034,聯詠,58,False,True,,0.0,0.0
2025-07-09,3034.TW,3034,聯詠,58,True,True,ex_dividend,28.0,0.0
2025-07-10,3034.TW,3034,聯詠,58,False,True,,0.0,0.0
2026-07-10,3034.TW,3034,聯詠,58,False,True,,0.0,0.0
2026-07-13,3034.TW,3034,聯詠,58,True,True,ex_dividend,23.0,0.0
2026-07-14,3034.TW,3034,聯詠,58,False,True,,0.0,0.0
2018-08-03,3036.TW,3036,文曄,68,False,True,,0.0,0.0
2018-08-06,3036.TW,3036,文曄,68,True,True,ex_dividend,2.45844,0.0
2018-08-07,3036.TW,3036,文曄,68,False,True,,0.0,0.0
2019-08-28,3036.TW,3036,文曄,68,False,True,,0.0,0.0
2019-08-29,3036.TW,3036,文曄,68,True,True,ex_dividend,2.312062,0.0
2019-08-30,3036.TW,3036,文曄,68,False,True,,0.0,0.0
2020-08-21,3036.TW,3036,文曄,68,False,True,,0.0,0.0
2020-08-24,3036.TW,3036,文曄,68,True,True,ex_dividend,2.053836,0.0
2020-08-25,3036.TW,3036,文曄,68,False,True,,0.0,0.0
2021-07-30,3036.TW,3036,文曄,68,False,True,,0.0,0.0
2021-08-02,3036.TW,3036,文曄,68,True,True,ex_dividend,3.149459,0.0
2021-08-03,3036.TW,3036,文曄,68,False,True,,0.0,0.0
2022-06-17,3036.TW,3036,文曄,68,False,True,,0.0,0.0
2022-06-20,3036.TW,3036,文曄,68,True,True,ex_dividend,4.931499,0.0
2022-06-21,3036.TW,3036,文曄,68,False,True,,0.0,0.0
2023-08-17,3036.TW,3036,文曄,68,False,True,,0.0,0.0
2023-08-18,3036.TW,3036,文曄,68,True,True,ex_dividend,4.226424,0.0
2023-08-21,3036.TW,3036,文曄,68,False,True,,0.0,0.0
2024-08-21,3036.TW,3036,文曄,68,False,True,,0.0,0.0
2024-08-22,3036.TW,3036,文曄,68,True,True,ex_dividend,1.799248,0.0
2024-08-23,3036.TW,3036,文曄,68,False,True,,0.0,0.0
2025-06-27,3036.TW,3036,文曄,68,False,True,,0.0,0.0
2025-06-30,3036.TW,3036,文曄,68,True,True,ex_dividend,5.998001,0.0
2025-07-01,3036.TW,3036,文曄,68,False,True,,0.0,0.0
2026-06-05,3036.TW,3036,文曄,68,False,True,,0.0,0.0
2026-06-08,3036.TW,3036,文曄,68,True,True,ex_dividend,7.795027,0.0
2026-06-09,3036.TW,3036,文曄,68,False,True,,0.0,0.0
2018-07-16,3044.TW,3044,健鼎,65,False,True,,0.0,0.0
2018-07-17,3044.TW,3044,健鼎,65,True,True,ex_dividend,5.25,0.0
2018-07-18,3044.TW,3044,健鼎,65,False,True,,0.0,0.0
2019-07-08,3044.TW,3044,健鼎,65,False,True,,0.0,0.0
2019-07-09,3044.TW,3044,健鼎,65,True,True,ex_dividend,5.9,0.0
2019-07-10,3044.TW,3044,健鼎,65,False,True,,0.0,0.0
2020-07-06,3044.TW,3044,健鼎,65,False,True,,0.0,0.0
2020-07-07,3044.TW,3044,健鼎,65,True,True,ex_dividend,7.25,0.0
2020-07-08,3044.TW,3044,健鼎,65,False,True,,0.0,0.0
2021-07-12,3044.TW,3044,健鼎,65,False,True,,0.0,0.0
2021-07-13,3044.TW,3044,健鼎,65,True,True,ex_dividend,7.35,0.0
2021-07-14,3044.TW,3044,健鼎,65,False,True,,0.0,0.0
2022-07-13,3044.TW,3044,健鼎,65,False,True,,0.0,0.0
2022-07-14,3044.TW,3044,健鼎,65,True,True,ex_dividend,7.0,0.0
2022-07-15,3044.TW,3044,健鼎,65,False,True,,0.0,0.0
2023-07-12,3044.TW,3044,健鼎,65,False,True,,0.0,0.0
2023-07-13,3044.TW,3044,健鼎,65,True,True,ex_dividend,7.45,0.0
2023-07-14,3044.TW,3044,健鼎,65,False,True,,0.0,0.0
2024-07-09,3044.TW,3044,健鼎,65,False,True,,0.0,0.0
2024-07-10,3044.TW,3044,健鼎,65,True,True,ex_dividend,7.5,0.0
2024-07-11,3044.TW,3044,健鼎,65,False,True,,0.0,0.0
2025-07-09,3044.TW,3044,健鼎,65,False,True,,0.0,0.0
2025-07-10,3044.TW,3044,健鼎,65,True,True,ex_dividend,10.3,0.0
2025-07-11,3044.TW,3044,健鼎,65,False,True,,0.0,0.0
2026-07-08,3044.TW,3044,健鼎,65,False,True,,0.0,0.0
2026-07-09,3044.TW,3044,健鼎,65,True,True,ex_dividend,12.7,0.0
2026-07-10,3044.TW,3044,健鼎,65,False,True,,0.0,0.0
2018-07-10,3481.TW,3481,群創,52,False,True,,0.0,0.0
2018-07-11,3481.TW,3481,群創,52,True,True,ex_dividend,1.05739,0.0
2018-07-12,3481.TW,3481,群創,52,False,True,,0.0,0.0
2019-07-11,3481.TW,3481,群創,52,False,True,,0.0,0.0
2019-07-12,3481.TW,3481,群創,52,True,True,ex_dividend,0.079304,0.0
2019-07-15,3481.TW,3481,群創,52,False,True,,0.0,0.0
2020-07-16,3481.TW,3481,群創,52,False,True,,0.0,0.0
2020-07-17,3481.TW,3481,群創,52,True,True,ex_dividend,0.132174,0.0
2020-07-20,3481.TW,3481,群創,52,False,True,,0.0,0.0
2021-07-26,3481.TW,3481,群創,52,False,True,,0.0,0.0
2021-07-27,3481.TW,3481,群創,52,True,True,ex_dividend,0.527159,0.0
2021-07-28,3481.TW,3481,群創,52,False,True,,0.0,0.0
2022-07-08,3481.TW,3481,群創,52,False,True,,0.0,0.0
2022-07-11,3481.TW,3481,群創,52,True,True,ex_dividend,1.394427,0.0
2022-07-12,3481.TW,3481,群創,52,False,True,,0.0,0.0
2022-09-28,3481.TW,3481,群創,52,False,True,,0.0,0.0
2022-09-29,3481.TW,3481,群創,52,True,True,ex_dividend|ex_right_or_split,1.136364,0.905
2022-09-30,3481.TW,3481,群創,52,False,True,,0.0,0.0
2023-08-16,3481.TW,3481,群創,52,False,True,,0.0,0.0
2023-08-17,3481.TW,3481,群創,52,True,True,ex_dividend|ex_right_or_split,0.568182,0.95
2023-08-18,3481.TW,3481,群創,52,False,True,,0.0,0.0
2024-08-14,3481.TW,3481,群創,52,False,True,,0.0,0.0
2024-08-15,3481.TW,3481,群創,52,True,True,ex_dividend|ex_right_or_split,1.2,0.88
2024-08-16,3481.TW,3481,群創,52,False,True,,0.0,0.0
2025-05-21,3481.TW,3481,群創,52,False,True,,0.0,0.0
2025-05-22,3481.TW,3481,群創,52,True,True,ex_dividend,1.0,0.0
2025-05-23,3481.TW,3481,群創,52,False,True,,0.0,0.0
2026-06-10,3481.TW,3481,群創,52,False,True,,0.0,0.0
2026-06-11,3481.TW,3481,群創,52,True,True,ex_dividend,1.0,0.0
2026-06-12,3481.TW,3481,群創,52,False,True,,0.0,0.0
2018-07-10,3532.TW,3532,台勝科,98,False,True,,0.0,0.0
2018-07-11,3532.TW,3532,台勝科,98,True,True,ex_dividend,4.16,0.0
2018-07-12,3532.TW,3532,台勝科,98,False,True,,0.0,0.0
2018-09-12,3532.TW,3532,台勝科,98,False,True,,0.0,0.0
2018-09-13,3532.TW,3532,台勝科,98,True,True,ex_right_or_split,0.0,0.5
2018-09-14,3532.TW,3532,台勝科,98,False,True,,0.0,0.0
2019-07-09,3532.TW,3532,台勝科,98,False,True,,0.0,0.0
2019-07-10,3532.TW,3532,台勝科,98,True,True,ex_dividend,9.0,0.0
2019-07-11,3532.TW,3532,台勝科,98,False,True,,0.0,0.0
2020-07-07,3532.TW,3532,台勝科,98,False,True,,0.0,0.0
2020-07-08,3532.TW,3532,台勝科,98,True,True,ex_dividend,3.5,0.0
2020-07-09,3532.TW,3532,台勝科,98,False,True,,0.0,0.0
2021-07-28,3532.TW,3532,台勝科,98,False,True,,0.0,0.0
2021-07-29,3532.TW,3532,台勝科,98,True,True,ex_dividend,2.15,0.0
2021-07-30,3532.TW,3532,台勝科,98,False,True,,0.0,0.0
2022-07-12,3532.TW,3532,台勝科,98,False,True,,0.0,0.0
2022-07-13,3532.TW,3532,台勝科,98,True,True,ex_dividend,2.22,0.0
2022-07-14,3532.TW,3532,台勝科,98,False,True,,0.0,0.0
2023-07-10,3532.TW,3532,台勝科,98,False,True,,0.0,0.0
2023-07-11,3532.TW,3532,台勝科,98,True,True,ex_dividend,7.3,0.0
2023-07-12,3532.TW,3532,台勝科,98,False,True,,0.0,0.0
2024-07-23,3532.TW,3532,台勝科,98,False,True,,0.0,0.0
2024-07-26,3532.TW,3532,台勝科,98,True,True,ex_dividend,5.0,0.0
2024-07-29,3532.TW,3532,台勝科,98,False,True,,0.0,0.0
2025-07-07,3532.TW,3532,台勝科,98,False,True,,0.0,0.0
2025-07-08,3532.TW,3532,台勝科,98,True,True,ex_dividend,1.8,0.0
2025-07-09,3532.TW,3532,台勝科,98,False,True,,0.0,0.0
2026-07-13,3532.TW,3532,台勝科,98,False,True,,0.0,0.0
2026-07-14,3532.TW,3532,台勝科,98,True,True,ex_dividend,1.0,0.0
2026-07-15,3532.TW,3532,台勝科,98,False,True,,0.0,0.0
2018-07-30,3533.TW,3533,嘉澤,82,False,True,,0.0,0.0
2018-07-31,3533.TW,3533,嘉澤,82,True,True,ex_dividend,5.368347,0.0
2018-08-01,3533.TW,3533,嘉澤,82,False,True,,0.0,0.0
2019-07-30,3533.TW,3533,嘉澤,82,False,True,,0.0,0.0
2019-07-31,3533.TW,3533,嘉澤,82,True,True,ex_dividend,8.62461,0.0
2019-08-01,3533.TW,3533,嘉澤,82,False,True,,0.0,0.0
2020-07-29,3533.TW,3533,嘉澤,82,False,True,,0.0,0.0
2020-07-30,3533.TW,3533,嘉澤,82,True,True,ex_dividend,10.409013,0.0
2020-07-31,3533.TW,3533,嘉澤,82,False,True,,0.0,0.0
2021-08-25,3533.TW,3533,嘉澤,82,False,True,,0.0,0.0
2021-08-26,3533.TW,3533,嘉澤,82,True,True,ex_dividend,13.235313,0.0
2021-08-27,3533.TW,3533,嘉澤,82,False,True,,0.0,0.0
2022-08-02,3533.TW,3533,嘉澤,82,False,True,,0.0,0.0
2022-08-03,3533.TW,3533,嘉澤,82,True,True,ex_dividend,15.846045,0.0
2022-08-04,3533.TW,3533,嘉澤,82,False,True,,0.0,0.0
2023-08-02,3533.TW,3533,嘉澤,82,False,True,,0.0,0.0
2023-08-04,3533.TW,3533,嘉澤,82,True,True,ex_dividend,25.18261,0.0
2023-08-07,3533.TW,3533,嘉澤,82,False,True,,0.0,0.0
2024-08-27,3533.TW,3533,嘉澤,82,False,True,,0.0,0.0
2024-08-28,3533.TW,3533,嘉澤,82,True,True,ex_dividend,25.754503,0.0
2024-08-29,3533.TW,3533,嘉澤,82,False,True,,0.0,0.0
2025-07-30,3533.TW,3533,嘉澤,82,False,True,,0.0,0.0
2025-07-31,3533.TW,3533,嘉澤,82,True,True,ex_dividend,41.722824,0.0
2025-08-04,3533.TW,3533,嘉澤,82,False,True,,0.0,0.0
2026-08-03,3533.TW,3533,嘉澤,82,False,True,,0.0,0.0
2026-08-04,3533.TW,3533,嘉澤,82,True,True,ex_dividend,34.93436,0.0
2026-08-05,3533.TW,3533,嘉澤,82,False,True,,0.0,0.0
2018-08-29,3661.TW,3661,世芯-KY,56,False,True,,0.0,0.0
2018-08-30,3661.TW,3661,世芯-KY,56,True,True,ex_dividend,1.066604,0.0
2018-08-31,3661.TW,3661,世芯-KY,56,False,True,,0.0,0.0
2019-08-21,3661.TW,3661,世芯-KY,56,False,True,,0.0,0.0
2019-08-22,3661.TW,3661,世芯-KY,56,True,True,ex_dividend,1.530463,0.0
2019-08-23,3661.TW,3661,世芯-KY,56,False,True,,0.0,0.0
2020-08-19,3661.TW,3661,世芯-KY,56,False,True,,0.0,0.0
2020-08-20,3661.TW,3661,世芯-KY,56,True,True,ex_dividend,3.418614,0.0
2020-08-21,3661.TW,3661,世芯-KY,56,False,True,,0.0,0.0
2021-09-08,3661.TW,3661,世芯-KY,56,False,True,,0.0,0.0
2021-09-09,3661.TW,3661,世芯-KY,56,True,True,ex_dividend,6.624891,0.0
2021-09-10,3661.TW,3661,世芯-KY,56,False,True,,0.0,0.0
2022-09-15,3661.TW,3661,世芯-KY,56,False,True,,0.0,0.0
2022-09-16,3661.TW,3661,世芯-KY,56,True,True,ex_dividend,11.798423,0.0
2022-09-19,3661.TW,3661,世芯-KY,56,False,True,,0.0,0.0
2023-09-06,3661.TW,3661,世芯-KY,56,False,True,,0.0,0.0
2023-09-07,3661.TW,3661,世芯-KY,56,True,True,ex_dividend,13.124396,0.0
2023-09-08,3661.TW,3661,世芯-KY,56,False,True,,0.0,0.0
2024-09-11,3661.TW,3661,世芯-KY,56,False,True,,0.0,0.0
2024-09-12,3661.TW,3661,世芯-KY,56,True,True,ex_dividend,22.4101,0.0
2024-09-13,3661.TW,3661,世芯-KY,56,False,True,,0.0,0.0
2025-09-01,3661.TW,3661,世芯-KY,56,False,True,,0.0,0.0
2025-09-02,3661.TW,3661,世芯-KY,56,True,True,ex_dividend,36.736717,0.0
2025-09-03,3661.TW,3661,世芯-KY,56,False,True,,0.0,0.0
2026-09-02,3661.TW,3661,世芯-KY,56,False,True,,0.0,0.0
2026-09-03,3661.TW,3661,世芯-KY,56,True,True,ex_dividend,32.572845,0.0
2026-09-04,3661.TW,3661,世芯-KY,56,False,True,,0.0,0.0
2018-07-24,3702.TW,3702,大聯大,90,False,True,,0.0,0.0
2018-07-25,3702.TW,3702,大聯大,90,True,True,ex_dividend,2.608696,0.0
2018-07-26,3702.TW,3702,大聯大,90,False,True,,0.0,0.0
2018-09-19,3702.TW,3702,大聯大,90,False,True,,0.0,0.0
2018-09-20,3702.TW,3702,大聯大,90,True,True,ex_right_or_split,0.0,0.92
2018-09-21,3702.TW,3702,大聯大,90,False,True,,0.0,0.0
2019-08-19,3702.TW,3702,大聯大,90,False,True,,0.0,0.0
2019-08-20,3702.TW,3702,大聯大,90,True,True,ex_dividend,2.7,0.0
2019-08-21,3702.TW,3702,大聯大,90,False,True,,0.0,0.0
2020-07-30,3702.TW,3702,大聯大,90,False,True,,0.0,0.0
2020-07-31,3702.TW,3702,大聯大,90,True,True,ex_dividend,2.4,0.0
2020-08-03,3702.TW,3702,大聯大,90,False,True,,0.0,0.0
2021-08-10,3702.TW,3702,大聯大,90,False,True,,0.0,0.0
2021-08-11,3702.TW,3702,大聯大,90,True,True,ex_dividend,3.1,0.0
2021-08-12,3702.TW,3702,大聯大,90,False,True,,0.0,0.0
2022-07-18,3702.TW,3702,大聯大,90,False,True,,0.0,0.0
2022-07-19,3702.TW,3702,大聯大,90,True,True,ex_dividend,3.5,0.0
2022-07-20,3702.TW,3702,大聯大,90,False,True,,0.0,0.0
2023-07-24,3702.TW,3702,大聯大,90,False,True,,0.0,0.0
2023-07-25,3702.TW,3702,大聯大,90,True,True,ex_dividend,3.85,0.0
2023-07-26,3702.TW,3702,大聯大,90,False,True,,0.0,0.0
2024-07-23,3702.TW,3702,大聯大,90,False,True,,0.0,0.0
2024-07-26,3702.TW,3702,大聯大,90,True,True,ex_dividend,3.5,0.0
2024-07-29,3702.TW,3702,大聯大,90,False,True,,0.0,0.0
2025-07-23,3702.TW,3702,大聯大,90,False,True,,0.0,0.0
2025-07-24,3702.TW,3702,大聯大,90,True,True,ex_dividend,3.2,0.0
2025-07-25,3702.TW,3702,大聯大,90,False,True,,0.0,0.0
2026-08-26,3702.TW,3702,大聯大,90,False,True,,0.0,0.0
2026-08-27,3702.TW,3702,大聯大,90,True,True,ex_dividend,3.643236,0.0
2026-08-28,3702.TW,3702,大聯大,90,False,True,,0.0,0.0
2018-07-10,4904.TW,4904,遠傳,54,False,True,,0.0,0.0
2018-07-11,4904.TW,4904,遠傳,54,True,True,ex_dividend,3.037,0.0
2018-07-12,4904.TW,4904,遠傳,54,False,True,,0.0,0.0
2019-07-15,4904.TW,4904,遠傳,54,False,True,,0.0,0.0
2019-07-16,4904.TW,4904,遠傳,54,True,True,ex_dividend,3.75,0.0
2019-07-17,4904.TW,4904,遠傳,54,False,True,,0.0,0.0
2020-07-13,4904.TW,4904,遠傳,54,False,True,,0.0,0.0
2020-07-14,4904.TW,4904,遠傳,54,True,True,ex_dividend,3.25,0.0
2020-07-15,4904.TW,4904,遠傳,54,False,True,,0.0,0.0
2021-07-22,4904.TW,4904,遠傳,54,False,True,,0.0,0.0
2021-07-23,4904.TW,4904,遠傳,54,True,True,ex_dividend,3.25,0.0
2021-07-26,4904.TW,4904,遠傳,54,False,True,,0.0,0.0
2022-07-13,4904.TW,4904,遠傳,54,False,True,,0.0,0.0
2022-07-14,4904.TW,4904,遠傳,54,True,True,ex_dividend,3.25,0.0
2022-07-15,4904.TW,4904,遠傳,54,False,True,,0.0,0.0
2023-07-04,4904.TW,4904,遠傳,54,False,True,,0.0,0.0
2023-07-05,4904.TW,4904,遠傳,54,True,True,ex_dividend,3.25,0.0
2023-07-06,4904.TW,4904,遠傳,54,False,True,,0.0,0.0
2024-07-09,4904.TW,4904,遠傳,54,False,True,,0.0,0.0
2024-07-10,4904.TW,4904,遠傳,54,True,True,ex_dividend,3.25,0.0
2024-07-11,4904.TW,4904,遠傳,54,False,True,,0.0,0.0
2025-07-08,4904.TW,4904,遠傳,54,False,True,,0.0,0.0
2025-07-09,4904.TW,4904,遠傳,54,True,True,ex_dividend,3.56,0.0
2025-07-10,4904.TW,4904,遠傳,54,False,True,,0.0,0.0
2026-07-07,4904.TW,4904,遠傳,54,False,True,,0.0,0.0
2026-07-08,4904.TW,4904,遠傳,54,True,True,ex_dividend,3.809282,0.0
2026-07-09,4904.TW,4904,遠傳,54,False,True,,0.0,0.0
2018-07-27,4938.TW,4938,和碩,69,False,True,,0.0,0.0
2018-07-30,4938.TW,4938,和碩,69,True,True,ex_dividend,4.001665,0.0
2018-07-31,4938.TW,4938,和碩,69,False,True,,0.0,0.0
2019-07-30,4938.TW,4938,和碩,69,False,True,,0.0,0.0
2019-07-31,4938.TW,4938,和碩,69,True,True,ex_dividend,3.500896,0.0
2019-08-01,4938.TW,4938,和碩,69,False,True,,0.0,0.0
2020-06-29,4938.TW,4938,和碩,69,False,True,,0.0,0.0
2020-06-30,4938.TW,4938,和碩,69,True,True,ex_dividend,4.500484,0.0
2020-07-01,4938.TW,4938,和碩,69,False,True,,0.0,0.0
2021-06-29,4938.TW,4938,和碩,69,False,True,,0.0,0.0
2021-06-30,4938.TW,4938,和碩,69,True,True,ex_dividend,4.488777,0.0
2021-07-01,4938.TW,4938,和碩,69,False,True,,0.0,0.0
2022-06-29,4938.TW,4938,和碩,69,False,True,,0.0,0.0
2022-06-30,4938.TW,4938,和碩,69,True,True,ex_dividend,5.001376,0.0
2022-07-01,4938.TW,4938,和碩,69,False,True,,0.0,0.0
2023-07-03,4938.TW,4938,和碩,69,False,True,,0.0,0.0
2023-07-04,4938.TW,4938,和碩,69,True,True,ex_dividend,4.003417,0.0
2023-07-05,4938.TW,4938,和碩,69,False,True,,0.0,0.0
2024-06-26,4938.TW,4938,和碩,69,False,True,,0.0,0.0
2024-06-27,4938.TW,4938,和碩,69,True,True,ex_dividend,4.000584,0.0
2024-06-28,4938.TW,4938,和碩,69,False,True,,0.0,0.0
2025-06-16,4938.TW,4938,和碩,69,False,True,,0.0,0.0
2025-06-17,4938.TW,4938,和碩,69,True,True,ex_dividend,4.502825,0.0
2025-06-18,4938.TW,4938,和碩,69,False,True,,0.0,0.0
2026-06-12,4938.TW,4938,和碩,69,False,True,,0.0,0.0
2026-06-15,4938.TW,4938,和碩,69,True,True,ex_dividend,4.009437,0.0
2026-06-16,4938.TW,4938,和碩,69,False,True,,0.0,0.0
2018-07-30,5871.TW,5871,中租-KY,78,False,True,,0.0,0.0
2018-07-31,5871.TW,5871,中租-KY,78,True,True,ex_dividend|ex_right_or_split,2.967802,1.02
2018-08-01,5871.TW,5871,中租-KY,78,False,True,,0.0,0.0
2019-07-30,5871.TW,5871,中租-KY,78,False,True,,0.0,0.0
2019-07-31,5871.TW,5871,中租-KY,78,True,True,ex_dividend|ex_right_or_split,3.280202,1.03
2019-08-01,5871.TW,5871,中租-KY,78,False,True,,0.0,0.0
2020-06-22,5871.TW,5871,中租-KY,78,False,True,,0.0,0.0
2020-06-23,5871.TW,5871,中租-KY,78,True,True,ex_dividend|ex_right_or_split,3.848395,1.04
2020-06-24,5871.TW,5871,中租-KY,78,False,True,,0.0,0.0
2021-08-04,5871.TW,5871,中租-KY,78,False,True,,0.0,0.0
2021-08-05,5871.TW,5871,中租-KY,78,True,True,ex_dividend|ex_right_or_split,4.39219,1.05
2021-08-06,5871.TW,5871,中租-KY,78,False,True,,0.0,0.0
2022-06-21,5871.TW,5871,中租-KY,78,False,True,,0.0,0.0
2022-06-22,5871.TW,5871,中租-KY,78,True,True,ex_dividend|ex_right_or_split,5.53416,1.05
2022-06-23,5871.TW,5871,中租-KY,78,False,True,,0.0,0.0
2023-07-31,5871.TW,5871,中租-KY,78,False,True,,0.0,0.0
2023-08-01,5871.TW,5871,中租-KY,78,True,True,ex_dividend|ex_right_or_split,6.021166,1.02
2023-08-02,5871.TW,5871,中租-KY,78,False,True,,0.0,0.0
2024-07-17,5871.TW,5871,中租-KY,78,False,True,,0.0,0.0
2024-07-18,5871.TW,5871,中租-KY,78,True,True,ex_dividend|ex_right_or_split,6.237552,1.02
2024-07-19,5871.TW,5871,中租-KY,78,False,True,,0.0,0.0
2025-07-29,5871.TW,5871,中租-KY,78,False,True,,0.0,0.0
2025-07-30,5871.TW,5871,中租-KY,78,True,True,ex_dividend|ex_right_or_split,5.980392,1.02
2025-07-31,5871.TW,5871,中租-KY,78,False,True,,0.0,0.0
2026-07-28,5871.TW,5871,中租-KY,78,False,True,,0.0,0.0
2026-07-29,5871.TW,5871,中租-KY,78,True,True,ex_dividend|ex_right_or_split,5.8,1.02
2026-07-30,5871.TW,5871,中租-KY,78,False,True,,0.0,0.0
2018-07-19,5876.TW,5876,上海商銀,75,False,True,,0.0,0.0
2018-07-20,5876.TW,5876,上海商銀,75,True,True,ex_dividend,1.722314,0.0
2018-07-23,5876.TW,5876,上海商銀,75,False,True,,0.0,0.0
2019-07-05,5876.TW,5876,上海商銀,75,False,True,,0.0,0.0
2019-07-08,5876.TW,5876,上海商銀,75,True,True,ex_dividend,1.913683,0.0
2019-07-09,5876.TW,5876,上海商銀,75,False,True,,0.0,0.0
2020-07-15,5876.TW,5876,上海商銀,75,False,True,,0.0,0.0
2020-07-16,5876.TW,5876,上海商銀,75,True,True,ex_dividend,2.003682,0.0
2020-07-17,5876.TW,5876,上海商銀,75,False,True,,0.0,0.0
2021-07-27,5876.TW,5876,上海商銀,75,False,True,,0.0,0.0
2021-07-28,5876.TW,5876,上海商銀,75,True,True,ex_dividend,1.66159,0.0
2021-07-29,5876.TW,5876,上海商銀,75,False,True,,0.0,0.0
2022-07-06,5876.TW,5876,上海商銀,75,False,True,,0.0,0.0
2022-07-07,5876.TW,5876,上海商銀,75,True,True,ex_dividend,1.75933,0.0
2022-07-08,5876.TW,5876,上海商銀,75,False,True,,0.0,0.0
2023-07-05,5876.TW,5876,上海商銀,75,False,True,,0.0,0.0
2023-07-06,5876.TW,5876,上海商銀,75,True,True,ex_dividend,1.782178,0.0
2023-07-07,5876.TW,5876,上海商銀,75,False,True,,0.0,0.0
2024-07-16,5876.TW,5876,上海商銀,75,False,True,,0.0,0.0
2024-07-17,5876.TW,5876,上海商銀,75,True,True,ex_dividend,1.782178,0.0
2024-07-18,5876.TW,5876,上海商銀,75,False,True,,0.0,0.0
2025-06-30,5876.TW,5876,上海商銀,75,False,True,,0.0,0.0
2025-07-01,5876.TW,5876,上海商銀,75,True,True,ex_dividend,1.782178,0.0
2025-07-02,5876.TW,5876,上海商銀,75,False,True,,0.0,0.0
2026-07-27,5876.TW,5876,上海商銀,75,False,True,,0.0,0.0
2026-07-28,5876.TW,5876,上海商銀,75,True,True,ex_dividend|ex_right_or_split,1.8,1.01
2026-07-29,5876.TW,5876,上海商銀,75,False,True,,0.0,0.0
2018-08-21,6139.TW,6139,亞翔,85,False,True,,0.0,0.0
2018-08-22,6139.TW,6139,亞翔,85,True,True,ex_dividend,1.489779,0.0
2018-08-23,6139.TW,6139,亞翔,85,False,True,,0.0,0.0
2019-08-14,6139.TW,6139,亞翔,85,False,True,,0.0,0.0
2019-08-15,6139.TW,6139,亞翔,85,True,True,ex_dividend,1.489779,0.0
2019-08-16,6139.TW,6139,亞翔,85,False,True,,0.0,0.0
2020-08-19,6139.TW,6139,亞翔,85,False,True,,0.0,0.0
2020-08-20,6139.TW,6139,亞翔,85,True,True,ex_dividend,1.489779,0.0
2020-08-21,6139.TW,6139,亞翔,85,False,True,,0.0,0.0
2021-09-01,6139.TW,6139,亞翔,85,False,True,,0.0,0.0
2021-09-02,6139.TW,6139,亞翔,85,True,True,ex_dividend,0.993186,0.0
2021-09-03,6139.TW,6139,亞翔,85,False,True,,0.0,0.0
2022-09-05,6139.TW,6139,亞翔,85,False,True,,0.0,0.0
2022-09-06,6139.TW,6139,亞翔,85,True,True,ex_dividend,1.489779,0.0
2022-09-07,6139.TW,6139,亞翔,85,False,True,,0.0,0.0
2023-09-04,6139.TW,6139,亞翔,85,False,True,,0.0,0.0
2023-09-05,6139.TW,6139,亞翔,85,True,True,ex_dividend,3.476151,0.0
2023-09-06,6139.TW,6139,亞翔,85,False,True,,0.0,0.0
2024-09-02,6139.TW,6139,亞翔,85,False,True,,0.0,0.0
2024-09-03,6139.TW,6139,亞翔,85,True,True,ex_dividend,8.982076,0.0
2024-09-04,6139.TW,6139,亞翔,85,False,True,,0.0,0.0
2025-09-03,6139.TW,6139,亞翔,85,False,True,,0.0,0.0
2025-09-04,6139.TW,6139,亞翔,85,True,True,ex_dividend,13.885191,0.0
2025-09-05,6139.TW,6139,亞翔,85,False,True,,0.0,0.0
2026-09-01,6139.TW,6139,亞翔,85,False,True,,0.0,0.0
2026-09-02,6139.TW,6139,亞翔,85,True,True,ex_dividend,22.996187,0.0
2026-09-03,6139.TW,6139,亞翔,85,False,True,,0.0,0.0
2018-07-11,6213.TW,6213,聯茂,81,False,True,,0.0,0.0
2018-07-12,6213.TW,6213,聯茂,81,True,True,ex_dividend,2.98988,0.0
2018-07-13,6213.TW,6213,聯茂,81,False,True,,0.0,0.0
2019-07-09,6213.TW,6213,聯茂,81,False,True,,0.0,0.0
2019-07-10,6213.TW,6213,聯茂,81,True,True,ex_dividend,3.665014,0.0
2019-07-11,6213.TW,6213,聯茂,81,False,True,,0.0,0.0
2020-07-03,6213.TW,6213,聯茂,81,False,True,,0.0,0.0
2020-07-06,6213.TW,6213,聯茂,81,True,True,ex_dividend,4.899453,0.0
2020-07-07,6213.TW,6213,聯茂,81,False,True,,0.0,0.0
2021-07-16,6213.TW,6213,聯茂,81,False,True,,0.0,0.0
2021-07-19,6213.TW,6213,聯茂,81,True,True,ex_dividend,5.0,0.0
2021-07-20,6213.TW,6213,聯茂,81,False,True,,0.0,0.0
2022-06-29,6213.TW,6213,聯茂,81,False,True,,0.0,0.0
2022-06-30,6213.TW,6213,聯茂,81,True,True,ex_dividend,5.0,0.0
2022-07-01,6213.TW,6213,聯茂,81,False,True,,0.0,0.0
2023-07-07,6213.TW,6213,聯茂,81,False,True,,0.0,0.0
2023-07-10,6213.TW,6213,聯茂,81,True,True,ex_dividend,3.0,0.0
2023-07-11,6213.TW,6213,聯茂,81,False,True,,0.0,0.0
2024-07-10,6213.TW,6213,聯茂,81,False,True,,0.0,0.0
2024-07-11,6213.TW,6213,聯茂,81,True,True,ex_dividend,1.5,0.0
2024-07-12,6213.TW,6213,聯茂,81,False,True,,0.0,0.0
2025-07-02,6213.TW,6213,聯茂,81,False,True,,0.0,0.0
2025-07-03,6213.TW,6213,聯茂,81,True,True,ex_dividend,1.8,0.0
2025-07-04,6213.TW,6213,聯茂,81,False,True,,0.0,0.0
2026-07-01,6213.TW,6213,聯茂,81,False,True,,0.0,0.0
2026-07-02,6213.TW,6213,聯茂,81,True,True,ex_dividend,2.998927,0.0
2026-07-03,6213.TW,6213,聯茂,81,False,True,,0.0,0.0
2018-07-30,6239.TW,6239,力成,76,False,True,,0.0,0.0
2018-07-31,6239.TW,6239,力成,76,True,True,ex_dividend,4.5,0.0
2018-08-01,6239.TW,6239,力成,76,False,True,,0.0,0.0
2019-07-31,6239.TW,6239,力成,76,False,True,,0.0,0.0
2019-08-01,6239.TW,6239,力成,76,True,True,ex_dividend,4.8,0.0
2019-08-02,6239.TW,6239,力成,76,False,True,,0.0,0.0
2020-07-29,6239.TW,6239,力成,76,False,True,,0.0,0.0
2020-07-30,6239.TW,6239,力成,76,True,True,ex_dividend,4.5,0.0
2020-07-31,6239.TW,6239,力成,76,False,True,,0.0,0.0
2021-07-29,6239.TW,6239,力成,76,False,True,,0.0,0.0
2021-07-30,6239.TW,6239,力成,76,True,True,ex_dividend,5.0,0.0
2021-08-02,6239.TW,6239,力成,76,False,True,,0.0,0.0
2022-07-28,6239.TW,6239,力成,76,False,True,,0.0,0.0
2022-07-29,6239.TW,6239,力成,76,True,True,ex_dividend,6.8,0.0
2022-08-01,6239.TW,6239,力成,76,False,True,,0.0,0.0
2023-07-31,6239.TW,6239,力成,76,False,True,,0.0,0.0
2023-08-01,6239.TW,6239,力成,76,True,True,ex_dividend,7.0,0.0
2023-08-02,6239.TW,6239,力成,76,False,True,,0.0,0.0
2024-07-31,6239.TW,6239,力成,76,False,True,,0.0,0.0
2024-08-01,6239.TW,6239,力成,76,True,True,ex_dividend,7.0,0.0
2024-08-02,6239.TW,6239,力成,76,False,True,,0.0,0.0
2025-07-30,6239.TW,6239,力成,76,False,True,,0.0,0.0
2025-07-31,6239.TW,6239,力成,76,True,True,ex_dividend,7.0,0.0
2025-08-04,6239.TW,6239,力成,76,False,True,,0.0,0.0
2026-07-29,6239.TW,6239,力成,76,False,True,,0.0,0.0
2026-07-30,6239.TW,6239,力成,76,True,True,ex_dividend,4.5,0.0
2026-07-31,6239.TW,6239,力成,76,False,True,,0.0,0.0
2018-07-09,6415.TW,6415,矽力*-KY,92,False,True,,0.0,0.0
2018-07-10,6415.TW,6415,矽力*-KY,92,True,True,ex_dividend,1.494972,0.0
2018-07-11,6415.TW,6415,矽力*-KY,92,False,True,,0.0,0.0
2019-07-15,6415.TW,6415,矽力*-KY,92,False,True,,0.0,0.0
2019-07-16,6415.TW,6415,矽力*-KY,92,True,True,ex_dividend,1.630918,0.0
2019-07-17,6415.TW,6415,矽力*-KY,92,False,True,,0.0,0.0
2020-07-20,6415.TW,6415,矽力*-KY,92,False,True,,0.0,0.0
2020-07-21,6415.TW,6415,矽力*-KY,92,True,True,ex_dividend,1.868816,0.0
2020-07-22,6415.TW,6415,矽力*-KY,92,False,True,,0.0,0.0
2021-07-19,6415.TW,6415,矽力*-KY,92,False,True,,0.0,0.0
2021-07-20,6415.TW,6415,矽力*-KY,92,True,True,ex_dividend,2.616243,0.0
2021-07-21,6415.TW,6415,矽力*-KY,92,False,True,,0.0,0.0
2022-03-24,6415.TW,6415,矽力*-KY,92,False,True,,0.0,0.0
2022-03-25,6415.TW,6415,矽力*-KY,92,True,True,ex_dividend,4.495068,0.0
2022-03-28,6415.TW,6415,矽力*-KY,92,False,True,,0.0,0.0
2022-07-05,6415.TW,6415,矽力*-KY,92,False,True,,0.0,0.0
2022-07-06,6415.TW,6415,矽力*-KY,92,True,True,ex_right_or_split,0.0,4.0
2022-07-07,6415.TW,6415,矽力*-KY,92,False,True,,0.0,0.0
2023-03-23,6415.TW,6415,矽力*-KY,92,False,True,,0.0,0.0
2023-03-24,6415.TW,6415,矽力*-KY,92,True,True,ex_dividend,4.49431,0.0
2023-03-27,6415.TW,6415,矽力*-KY,92,False,True,,0.0,0.0
2024-03-27,6415.TW,6415,矽力*-KY,92,False,True,,0.0,0.0
2024-03-28,6415.TW,6415,矽力*-KY,92,True,True,ex_dividend,1.960119,0.0
2024-03-29,6415.TW,6415,矽力*-KY,92,False,True,,0.0,0.0
2025-03-26,6415.TW,6415,矽力*-KY,92,False,True,,0.0,0.0
2025-03-27,6415.TW,6415,矽力*-KY,92,True,True,ex_dividend,2.401105,0.0
2025-03-28,6415.TW,6415,矽力*-KY,92,False,True,,0.0,0.0
2026-03-25,6415.TW,6415,矽力*-KY,92,False,True,,0.0,0.0
2026-03-26,6415.TW,6415,矽力*-KY,92,True,True,ex_dividend,2.55261,0.0
2026-03-27,6415.TW,6415,矽力*-KY,92,False,True,,0.0,0.0
2020-06-15,6515.TW,6515,穎崴,73,False,True,,0.0,0.0
2020-06-16,6515.TW,6515,穎崴,73,True,True,ex_dividend,12.0,0.0
2020-06-17,6515.TW,6515,穎崴,73,False,True,,0.0,0.0
2021-06-23,6515.TW,6515,穎崴,73,False,True,,0.0,0.0
2021-06-24,6515.TW,6515,穎崴,73,True,True,ex_dividend,12.9835,0.0
2021-06-25,6515.TW,6515,穎崴,73,False,True,,0.0,0.0
2022-06-30,6515.TW,6515,穎崴,73,False,True,,0.0,0.0
2022-07-01,6515.TW,6515,穎崴,73,True,True,ex_dividend,10.979133,0.0
2022-07-04,6515.TW,6515,穎崴,73,False,True,,0.0,0.0
2023-07-10,6515.TW,6515,穎崴,73,False,True,,0.0,0.0
2023-07-11,6515.TW,6515,穎崴,73,True,True,ex_dividend,22.0,0.0
2023-07-12,6515.TW,6515,穎崴,73,False,True,,0.0,0.0
2024-07-19,6515.TW,6515,穎崴,73,False,True,,0.0,0.0
2024-07-22,6515.TW,6515,穎崴,73,True,True,ex_dividend,11.0,0.0
2024-07-23,6515.TW,6515,穎崴,73,False,True,,0.0,0.0
2025-07-04,6515.TW,6515,穎崴,73,False,True,,0.0,0.0
2025-07-07,6515.TW,6515,穎崴,73,True,True,ex_dividend,24.99968,0.0
2025-07-08,6515.TW,6515,穎崴,73,False,True,,0.0,0.0
2026-07-16,6515.TW,6515,穎崴,73,False,True,,0.0,0.0
2026-07-17,6515.TW,6515,穎崴,73,True,True,ex_dividend,49.43752,0.0
2026-07-20,6515.TW,6515,穎崴,73,False,True,,0.0,0.0
2018-08-24,6531.TW,6531,愛普*,95,False,True,,0.0,0.0
2018-08-27,6531.TW,6531,愛普*,95,True,True,ex_dividend|ex_right_or_split,0.745685,1.049712
2018-08-28,6531.TW,6531,愛普*,95,False,True,,0.0,0.0
2019-08-23,6531.TW,6531,愛普*,95,False,True,,0.0,0.0
2019-08-26,6531.TW,6531,愛普*,95,True,True,ex_dividend,0.255117,0.0
2019-08-27,6531.TW,6531,愛普*,95,False,True,,0.0,0.0
2020-08-10,6531.TW,6531,愛普*,95,False,True,,0.0,0.0
2020-08-11,6531.TW,6531,愛普*,95,True,True,ex_dividend,0.498714,0.0
2020-08-12,6531.TW,6531,愛普*,95,False,True,,0.0,0.0
2021-08-13,6531.TW,6531,愛普*,95,False,True,,0.0,0.0
2021-08-16,6531.TW,6531,愛普*,95,True,True,ex_dividend,2.49973,0.0
2021-08-17,6531.TW,6531,愛普*,95,False,True,,0.0,0.0
2021-10-14,6531.TW,6531,愛普*,95,False,True,,0.0,0.0
2021-10-15,6531.TW,6531,愛普*,95,True,True,ex_right_or_split,0.0,2.0
2021-10-18,6531.TW,6531,愛普*,95,False,True,,0.0,0.0
2022-06-20,6531.TW,6531,愛普*,95,False,True,,0.0,0.0
2022-06-21,6531.TW,6531,愛普*,95,True,True,ex_dividend,5.996284,0.0
2022-06-22,6531.TW,6531,愛普*,95,False,True,,0.0,0.0
2023-06-19,6531.TW,6531,愛普*,95,False,True,,0.0,0.0
2023-06-20,6531.TW,6531,愛普*,95,True,True,ex_dividend,6.996605,0.0
2023-06-21,6531.TW,6531,愛普*,95,False,True,,0.0,0.0
2024-06-19,6531.TW,6531,愛普*,95,False,True,,0.0,0.0
2024-06-20,6531.TW,6531,愛普*,95,True,True,ex_dividend,6.997659,0.0
2024-06-21,6531.TW,6531,愛普*,95,False,True,,0.0,0.0
2025-06-17,6531.TW,6531,愛普*,95,False,True,,0.0,0.0
2025-06-18,6531.TW,6531,愛普*,95,True,True,ex_dividend,6.993645,0.0
2025-06-19,6531.TW,6531,愛普*,95,False,True,,0.0,0.0
2026-06-18,6531.TW,6531,愛普*,95,False,True,,0.0,0.0
2026-06-22,6531.TW,6531,愛普*,95,True,True,ex_dividend,6.985648,0.0
2026-06-23,6531.TW,6531,愛普*,95,False,True,,0.0,0.0
2021-04-07,6770.TW,6770,力積電,55,False,True,,0.0,0.0
2021-04-08,6770.TW,6770,力積電,55,True,True,ex_dividend,0.491391,0.0
2021-04-09,6770.TW,6770,力積電,55,False,True,,0.0,0.0
2021-08-24,6770.TW,6770,力積電,55,False,True,,0.0,0.0
2021-08-25,6770.TW,6770,力積電,55,True,True,ex_dividend,0.65,0.0
2021-08-26,6770.TW,6770,力積電,55,False,True,,0.0,0.0
2022-02-23,6770.TW,6770,力積電,55,False,True,,0.0,0.0
2022-02-24,6770.TW,6770,力積電,55,True,True,ex_dividend,1.182228,0.0
2022-02-25,6770.TW,6770,力積電,55,False,True,,0.0,0.0
2022-08-22,6770.TW,6770,力積電,55,False,True,,0.0,0.0
2022-08-23,6770.TW,6770,力積電,55,True,True,ex_dividend,0.729037,0.0
2022-08-24,6770.TW,6770,力積電,55,False,True,,0.0,0.0
2023-03-10,6770.TW,6770,力積電,55,False,True,,0.0,0.0
2023-03-13,6770.TW,6770,力積電,55,True,True,ex_dividend,0.3,0.0
2023-03-14,6770.TW,6770,力積電,55,False,True,,0.0,0.0
2026-08-26,6770.TW,6770,力積電,55,False,True,,0.0,0.0
2026-08-27,6770.TW,6770,力積電,55,True,True,ex_dividend,0.23,0.0
2026-08-28,6770.TW,6770,力積電,55,False,True,,0.0,0.0
2021-08-19,6789.TW,6789,采鈺,96,False,True,,0.0,0.0
2021-08-20,6789.TW,6789,采鈺,96,True,True,ex_dividend,1.986544,0.0
2021-08-23,6789.TW,6789,采鈺,96,False,True,,0.0,0.0
2022-07-13,6789.TW,6789,采鈺,96,False,True,,0.0,0.0
2022-07-14,6789.TW,6789,采鈺,96,True,True,ex_dividend,1.864602,0.0
2022-07-15,6789.TW,6789,采鈺,96,False,True,,0.0,0.0
2023-06-28,6789.TW,6789,采鈺,96,False,True,,0.0,0.0
2023-06-29,6789.TW,6789,采鈺,96,True,True,ex_dividend,1.998189,0.0
2023-06-30,6789.TW,6789,采鈺,96,False,True,,0.0,0.0
2024-07-01,6789.TW,6789,采鈺,96,False,True,,0.0,0.0
2024-07-02,6789.TW,6789,采鈺,96,True,True,ex_dividend,0.999066,0.0
2024-07-03,6789.TW,6789,采鈺,96,False,True,,0.0,0.0
2025-06-26,6789.TW,6789,采鈺,96,False,True,,0.0,0.0
2025-06-27,6789.TW,6789,采鈺,96,True,True,ex_dividend,2.997016,0.0
2025-06-30,6789.TW,6789,采鈺,96,False,True,,0.0,0.0
2026-06-25,6789.TW,6789,采鈺,96,False,True,,0.0,0.0
2026-06-26,6789.TW,6789,采鈺,96,True,True,ex_dividend,3.0,0.0
2026-06-29,6789.TW,6789,采鈺,96,False,True,,0.0,0.0
2021-07-21,6805.TW,6805,富世達,93,False,True,,0.0,0.0
2021-07-22,6805.TW,6805,富世達,93,True,True,ex_dividend|ex_right_or_split,0.422534,1.338028
2021-07-23,6805.TW,6805,富世達,93,False,True,,0.0,0.0
2022-06-22,6805.TW,6805,富世達,93,False,True,,0.0,0.0
2022-06-23,6805.TW,6805,富世達,93,True,True,ex_dividend,4.5,0.0
2022-06-24,6805.TW,6805,富世達,93,False,True,,0.0,0.0
2023-06-29,6805.TW,6805,富世達,93,False,True,,0.0,0.0
2023-06-30,6805.TW,6805,富世達,93,True,True,ex_dividend,4.0,0.0
2023-07-03,6805.TW,6805,富世達,93,False,True,,0.0,0.0
2024-08-13,6805.TW,6805,富世達,93,False,True,,0.0,0.0
2024-08-14,6805.TW,6805,富世達,93,True,True,ex_dividend,5.5,0.0
2024-08-15,6805.TW,6805,富世達,93,False,True,,0.0,0.0
2025-08-12,6805.TW,6805,富世達,93,False,True,,0.0,0.0
2025-08-13,6805.TW,6805,富世達,93,True,True,ex_dividend,8.0,0.0
2025-08-14,6805.TW,6805,富世達,93,False,True,,0.0,0.0
2026-08-19,6805.TW,6805,富世達,93,False,True,,0.0,0.0
2026-08-20,6805.TW,6805,富世達,93,True,True,ex_dividend,12.5,0.0
2026-08-21,6805.TW,6805,富世達,93,False,True,,0.0,0.0
2025-07-11,6919.TW,6919,康霈*,97,False,True,,0.0,0.0
2025-07-14,6919.TW,6919,康霈*,97,True,True,ex_right_or_split,0.0,10.0
2025-07-15,6919.TW,6919,康霈*,97,False,True,,0.0,0.0
2025-03-31,7750.TW,7750,新代,91,False,True,,0.0,0.0
2025-04-01,7750.TW,7750,新代,91,True,True,ex_dividend,11.0,0.0
2025-04-02,7750.TW,7750,新代,91,False,True,,0.0,0.0
2026-03-31,7750.TW,7750,新代,91,False,True,,0.0,0.0
2026-04-01,7750.TW,7750,新代,91,True,True,ex_dividend,16.0,0.0
2026-04-02,7750.TW,7750,新代,91,False,True,,0.0,0.0
