ticker,stock_id,first_date,last_date,raw_rows,model_ready_rows,first_close,last_close
1101.TW,1101,2018-01-02,2026-09-30,2123,2116,26.88477325439453,26.299999237060547
1216.TW,1216,2018-01-02,2026-09-30,2123,2116,67.19999694824219,74.19999694824219
1326.TW,1326,2018-01-02,2026-09-30,2123,2116,103.5,69.69999694824219
1402.TW,1402,2018-01-02,2026-09-30,2123,2116,26.799999237060547,28.25
1476.TW,1476,2018-01-02,2026-09-30,2123,2116,297.0,274.0
1590.TW,1590,2018-01-02,2026-09-30,2123,2116,516.951171875,1200.0
1605.TW,1605,2018-01-02,2026-09-30,2123,2116,17.692785263061523,38.400001525878906
1707.TW,1707,2018-01-02,2026-09-30,2123,2116,212.5,85.69999694824219
1722.TW,1722,2018-01-02,2026-09-30,2123,2116,39.04999923706055,41.54999923706055
1802.TW,1802,2018-01-02,2026-09-30,2123,2116,22.149999618530273,59.900001525878906
2002.TW,2002,2018-01-02,2026-09-30,2123,2116,24.700000762939453,19.200000762939453
2105.TW,2105,2018-01-02,2026-09-30,2123,2116,51.70000076293945,30.649999618530273
2207.TW,2207,2018-01-02,2026-09-30,2123,2116,351.9607849121094,509.0
2208.TW,2208,2018-01-02,2026-09-30,2123,2116,21.984567642211914,19.149999618530273
2301.TW,2301,2018-01-02,2026-09-30,2123,2116,40.599998474121094,279.5
2324.TW,2324,2018-01-02,2026-09-30,2123,2116,21.100000381469727,37.099998474121094
2357.TW,2357,2018-01-02,2026-09-30,2123,2116,278.0,961.0
2376.TW,2376,2018-01-02,2026-09-30,2123,2116,52.79999923706055,358.5
2408.TW,2408,2018-01-02,2026-09-30,2123,2116,78.0,519.0
2449.TW,2449,2018-01-02,2026-09-30,2123,2116,29.4761905670166,294.5
2603.TW,2603,2018-01-02,2026-09-30,2123,2116,42.30363082885742,239.5
2609.TW,2609,2018-01-02,2026-09-30,2123,2116,12.399999618530273,59.400001525878906
2610.TW,2610,2018-01-02,2026-09-30,2123,2116,12.0,20.450000762939453
2615.TW,2615,2018-01-02,2026-09-30,2123,2116,15.691699028015137,114.0
2634.TW,2634,2018-01-02,2026-09-30,2123,2116,37.5,64.0
2801.TW,2801,2018-01-02,2026-09-30,2123,2116,12.91729736328125,27.600000381469727
2880.TW,2880,2018-01-02,2026-09-30,2123,2116,13.242178916931152,45.349998474121094
2883.TW,2883,2018-01-02,2026-09-30,2123,2116,9.999998092651367,38.849998474121094
2884.TW,2884,2018-01-02,2026-09-30,2123,2116,12.60569953918457,44.849998474121094
2885.TW,2885,2018-01-02,2026-09-30,2123,2116,11.616403579711914,68.5
2886.TW,2886,2018-01-02,2026-09-30,2123,2116,22.668794631958008,49.150001525878906
2890.TW,2890,2018-01-02,2026-09-30,2123,2116,8.481109619140625,44.25
2891.TW,2891,2018-01-02,2026-09-30,2123,2116,20.450000762939453,68.4000015258789
2892.TW,2892,2018-01-02,2026-09-30,2123,2116,16.609130859375,38.650001525878906
2912.TW,2912,2018-01-02,2026-09-30,2123,2116,287.5,212.5
3008.TW,3008,2018-01-02,2026-09-30,2123,2116,4255.0,5945.0
3017.TW,3017,2018-01-02,2026-09-30,2123,2116,33.115936279296875,3435.0
3034.TW,3034,2018-01-02,2026-09-30,2123,2116,115.0,546.0
3037.TW,3037,2018-01-02,2026-09-30,2123,2116,16.799999237060547,1175.0
3045.TW,3045,2018-01-02,2026-09-30,2123,2116,108.0,119.5
3231.TW,3231,2018-01-02,2026-09-30,2123,2116,23.120914459228516,184.5
3443.TW,3443,2018-01-02,2026-09-30,2123,2116,264.5,8040.0
3481.TW,3481,2018-01-02,2026-09-30,2123,2116,16.455629348754883,54.70000076293945
3533.TW,3533,2018-01-02,2026-09-30,2123,2116,194.72459411621094,1770.0
3702.TW,3702,2018-01-02,2026-09-30,2123,2116,42.98912811279297,114.0
4938.TW,4938,2018-01-02,2026-09-30,2123,2116,72.0999984741211,89.80000305175781
5871.TW,5871,2018-01-02,2026-09-30,2123,2116,67.07415771484375,107.0
5876.TW,5876,2018-01-02,2026-09-30,2123,2116,32.21684646606445,49.150001525878906
5880.TW,5880,2018-01-02,2026-09-30,2123,2116,12.640795707702637,26.100000381469727
6505.TW,6505,2018-01-02,2026-09-30,2123,2116,115.0,97.30000305175781
