rank,stock_id,name,market_cap_date,market_cap,ticker
51,1101,,,,1101.TW
52,1216,,,,1216.TW
53,1326,,,,1326.TW
54,1402,,,,1402.TW
55,1476,,,,1476.TW
56,1590,,,,1590.TW
57,1605,,,,1605.TW
58,1707,,,,1707.TW
59,1722,,,,1722.TW
60,1802,,,,1802.TW
61,2002,,,,2002.TW
62,2105,,,,2105.TW
63,2207,,,,2207.TW
64,2208,,,,2208.TW
65,2301,,,,2301.TW
66,2324,,,,2324.TW
67,2357,,,,2357.TW
68,2376,,,,2376.TW
69,2408,,,,2408.TW
70,2449,,,,2449.TW
71,2603,,,,2603.TW
72,2609,,,,2609.TW
73,2610,,,,2610.TW
74,2615,,,,2615.TW
75,2634,,,,2634.TW
76,2801,,,,2801.TW
77,2880,,,,2880.TW
78,2883,,,,2883.TW
79,2884,,,,2884.TW
80,2885,,,,2885.TW
81,2886,,,,2886.TW
82,2890,,,,2890.TW
83,2891,,,,2891.TW
84,2892,,,,2892.TW
85,2912,,,,2912.TW
86,3008,,,,3008.TW
87,3017,,,,3017.TW
88,3034,,,,3034.TW
89,3037,,,,3037.TW
90,3045,,,,3045.TW
91,3231,,,,3231.TW
92,3443,,,,3443.TW
93,3481,,,,3481.TW
94,3533,,,,3533.TW
95,3702,,,,3702.TW
96,4938,,,,4938.TW
97,5871,,,,5871.TW
98,5876,,,,5876.TW
99,5880,,,,5880.TW
100,6505,,,,6505.TW
