cluster_id,train_candidate_count,train_mean_future_return_3d_pct,train_median_future_return_3d_pct,train_mean_similarity_to_centroid,avg_upper_shadow_pct,avg_lower_shadow_pct,avg_body_pct,avg_open_pattern_pct,avg_close_pattern_pct,avg_volume_vs_ma5_ratio,avg_trend_5d_pct,direction,pattern_id,auto_description
0,458,9.809454388180384,7.89473684210526,0.21507884901295302,0.8605458740192028,3.395876497045834,-0.2904815243780081,0.738864154440311,0.44838263006230283,-0.04908998783631549,-0.7460885892116699,bullish,bullish_cluster_01,下影線偏長
1,1147,9.070654206155966,7.621951219512189,0.24520013901363777,0.6771514887631429,0.6117081561209479,-4.3912771173532095,0.39402263582481517,-3.997254481528394,-0.11017765899350078,-0.5747981797158446,bullish,bullish_cluster_02,偏黑K
2,663,10.382249004518785,8.79345379532865,0.200512857488202,1.3793888733950592,1.5150959813901832,-0.9448183578854872,0.49149166389598836,-0.4533266939894989,-0.5878426010549451,17.45687549161475,bullish,bullish_cluster_03,前五日上漲、量能縮減、下影線偏長
3,3450,8.241429147436861,7.056750181013036,0.32411336650116246,0.6709009828210813,0.6341211927938488,-0.03714731567733031,0.20702658979955085,0.16987927412222056,-0.25694132941198944,-0.12480797230237786,bullish,bullish_cluster_04,量能縮減
4,234,11.269037670194464,9.66761934381251,0.1626413321157833,2.497623099538388,0.7503729333929031,-1.373944829004529,-5.677355718238251,-7.051300547242779,-0.1801417525914844,-11.917273783655634,bullish,bullish_cluster_05,前五日下跌、上影線偏長、偏黑K
5,1,13.69150646071444,13.69150646071444,1.0,2.0797273874994824,0.5199351751842319,-0.173305068442688,0.173305068442688,0.0,-1294.7539961013645,14.341082559328772,bullish,bullish_cluster_06,前五日上漲、量能縮減、上影線偏長
6,845,9.794530997195427,8.33333333333332,0.2419908393482723,2.8484351274654514,0.7794741808555447,0.07602334245441371,0.717708414668774,0.7937317571231878,0.0782350329040917,1.1961817933610244,bullish,bullish_cluster_07,上影線偏長
7,872,10.598453418826157,8.773839005676171,0.23733537042273276,0.7741129740434827,0.6455616747502971,4.787688040266036,0.8377122837917108,5.625400324057747,0.2133498717180123,3.7935321560846083,bullish,bullish_cluster_08,偏紅K
8,428,9.734397667240279,8.102902453161171,0.18984081509696804,1.125926000207019,0.9932356022094497,2.2204342085834528,2.123830517888165,4.344264726471618,-0.3018050938712715,-13.422386268408673,bullish,bullish_cluster_09,前五日下跌、量能縮減、偏紅K
9,1,41.47287240059054,41.47287240059054,0.9999999999999998,3.2945752194005453,2.906976830149121,3.8759691068654942,-91.66667529162844,-87.79070618476294,0.8,0.0,bullish,bullish_cluster_10,量能放大、上影線偏長、下影線偏長、偏紅K
