date,ticker,stock_id,name,rank,market_cap_date,open,high,low,close,adj_close,volume,dividends,stock_splits,is_ex_dividend,is_ex_right_or_split,is_corporate_action_day,corporate_action_type,is_corporate_action_window,upper_shadow_pct,lower_shadow_pct,body_pct,prev_upper_shadow_pct,prev_lower_shadow_pct,prev_body_pct,prev_close,open_pattern_pct,close_pattern_pct,volume_ma5,volume_vs_ma5_ratio,trend_5d_pct,future_close_3d,future_return_3d,future_return_3d_pct,target_3d,is_bullish_candidate,is_bearish_candidate,event_window_t_plus_1,event_window_t_plus_2,event_window_t_plus_3,future_has_event_window,seed_rank,pattern_id,auto_description
2024-03-18,6919.TW,6919,康霈*,97,current_snapshot,45.400001525878906,49.95000076293945,44.900001525878906,48.70000076293945,48.70000076293945,3924460.0,0.0,0.0,False,False,False,,False,2.5667350727255966,1.0266940290902389,6.776179025384812,1.882610067319477,0.3322292819700769,-5.204869091253808,45.150001525878906,0.5133470145451193,7.289526039929932,4587072.0,-0.1688415731081473,-3.7698441832453353,25.799999237060547,-0.4702258966555445,-47.02258966555445,bearish,False,True,False,False,False,False,1,bearish_seed_01,長上影、強紅K、強勢收漲
2024-03-19,6919.TW,6919,康霈*,97,current_snapshot,48.900001525878906,49.5,47.95000076293945,48.900001525878906,48.900001525878906,4424870.0,0.0,0.0,False,False,False,,False,1.2269907063368126,1.942741785880503,0.0,2.5667350727255966,1.0266940290902389,6.776179025384812,48.70000076293945,0.4089995024511574,0.4089995024511574,5135226.0,-0.1605371457240551,-9.880233730544091,27.39999961853028,-0.4396728269214957,-43.96728269214957,bearish,False,True,False,False,False,False,2,bearish_seed_02,前五日明顯下跌
2024-03-20,6919.TW,6919,康霈*,97,current_snapshot,48.20000076293945,48.84999847412109,47.95000076293945,48.45000076293945,48.45000076293945,2796130.0,0.0,0.0,False,False,False,,False,0.8255886581690383,0.5159958639076656,0.5159958639076656,1.2269907063368126,1.942741785880503,0.0,48.900001525878906,-1.4447899936358726,-0.928794129728207,5144022.0,-0.839693433424054,-1.4170055492260412,31.100000381469727,-0.3581011374253919,-35.810113742539194,bearish,False,True,False,False,False,False,3,bearish_seed_03,相對五日均量縮
2025-03-28,7750.TW,7750,新代,91,current_snapshot,566.0,570.0,543.0,556.0,538.0081787109375,167828.0,0.0,0.0,False,False,False,,False,0.7194244604316548,2.338129496402878,-1.7985611510791366,0.0,1.058201058201058,-2.9982363315696645,567.0,-0.1798561151079137,-1.9784172661870505,105444.6,0.371710322473008,4.651162790697675,370.0,-0.3345323741007194,-33.45323741007194,bearish,False,True,False,False,False,False,4,bearish_seed_04,長下影
2025-03-26,7750.TW,7750,新代,91,current_snapshot,601.0,601.0,578.0,585.0,566.0697021484375,115538.0,0.0,0.0,False,False,False,,False,0.0,1.1965811965811968,-2.735042735042735,1.3445378151260503,0.8403361344537815,-0.8403361344537815,595.0,1.0256410256410255,-1.7094017094017095,71404.2,0.3819851477435995,-0.3322259136212624,390.5,-0.3324786324786325,-33.24786324786325,bearish,False,True,False,False,False,False,5,bearish_seed_05,強黑K
2020-03-16,6515.TW,6515,穎崴,73,current_snapshot,287.8999938964844,287.8999938964844,253.2100067138672,255.0,213.13677978515625,339344.0,0.0,0.0,False,False,False,,False,0.0,0.7019581514246324,-12.901958390778187,1.4010016683070403,4.020878636007214,-12.080133464563229,285.510009765625,0.9372486787683824,-11.964709712009803,240022.4,0.2926870668112594,-11.444141689373296,174.8000030517578,-0.3145097919538909,-31.450979195389092,bearish,False,True,False,False,False,False,6,bearish_seed_06,前五日明顯下跌、強黑K、明顯收跌
2024-07-26,6239.TW,6239,力成,76,current_snapshot,180.5,189.0,177.0,189.0,168.47976684570312,6901275.0,0.0,0.0,False,False,False,,False,0.0,1.851851851851852,4.497354497354497,1.9021739130434785,1.358695652173913,-1.358695652173913,184.0,-1.851851851851852,2.6455026455026456,6538012.6,0.0526369982358332,-7.711442786069651,132.5,-0.2989417989417989,-29.894179894179896,bearish,False,True,False,False,False,False,7,bearish_seed_07,強紅K、強勢收漲
2020-03-12,6515.TW,6515,穎崴,73,current_snapshot,340.0,341.0,323.0,325.0,271.6449279785156,203096.0,0.0,0.0,False,False,False,,False,0.3076923076923077,0.6153846153846154,-4.615384615384616,0.5882352941176471,0.0,-2.941176470588235,340.0,0.0,-4.615384615384616,129764.4,0.3610686571867491,-1.9444444444444444,229.9900054931641,-0.2923384446364182,-29.233844463641823,bearish,False,True,False,False,False,False,8,bearish_seed_08,強黑K、明顯收跌
2020-03-13,6515.TW,6515,穎崴,73,current_snapshot,320.0,324.0,274.0299987792969,285.510009765625,238.6380157470703,409565.0,0.0,0.0,False,False,False,,False,1.4010016683070403,4.020878636007214,-12.080133464563229,0.3076923076923077,0.6153846153846154,-4.615384615384616,325.0,-1.7512520853838005,-13.831385549947026,198606.2,0.51508014600857,-5.866718983962958,205.0,-0.2819866449926418,-28.198664499264183,bearish,False,True,False,False,False,False,9,bearish_seed_09,相對五日均量明顯放大、長下影、強黑K、明顯收跌
2021-04-08,3661.TW,3661,世芯-KY,56,current_snapshot,914.0,927.0,902.0,902.0,855.0719604492188,1754563.0,0.0,0.0,False,False,False,,False,1.441241685144124,0.0,-1.3303769401330376,1.4130434782608696,1.8478260869565213,-0.108695652173913,920.0,-0.6651884700665188,-1.9955654101995564,2075462.4,-0.1828942021460614,2.346368715083799,658.0,-0.270509977827051,-27.0509977827051,bearish,False,True,False,False,False,False,10,bearish_seed_10,一般K線結構，需看圖判讀
2025-04-02,6213.TW,6213,聯茂,81,current_snapshot,66.0,66.5,65.0999984741211,66.0,64.1083984375,904351.0,0.0,0.0,False,False,False,,False,0.7575757575757576,1.3636386755741003,0.0,0.1506001081673471,0.1506001081673471,5.120484108051987,66.4000015258789,-0.6060629179983428,-0.6060629179983428,2398149.6,-1.65179073169599,-14.999997938001478,48.150001525878906,-0.2704545223351681,-27.04545223351681,bearish,False,True,False,False,False,False,11,bearish_seed_11,前五日明顯下跌、相對五日均量縮
2025-04-02,2313.TW,2313,華通,60,current_snapshot,59.400001525878906,60.70000076293945,58.59999847412109,60.5,57.54012680053711,7089081.0,0.0,0.0,False,False,False,,False,0.3305797734536415,1.322319093814566,1.818179296067924,0.5050492076668477,0.336701612460933,3.535357297766142,59.400001525878906,0.0,1.818179296067924,9670399.8,-0.364126012948646,-13.056835943519978,44.150001525878906,-0.2702479086631586,-27.02479086631586,bearish,False,True,False,False,False,False,12,bearish_seed_12,前五日明顯下跌、相對五日均量縮
2025-04-02,6919.TW,6919,康霈*,97,current_snapshot,75.5999984741211,80.19999694824219,73.5,78.0999984741211,78.0999984741211,13910500.0,0.0,0.0,False,False,False,,False,2.688858534122688,2.688858534122688,3.201024390324912,3.1039178125773814,1.8893408295653973,-7.5573530221823875,74.0999984741211,1.9206146341949468,5.121639024519858,10499982.0,0.2451758024513856,-12.44444105360243,57.0,-0.2701664390059202,-27.01664390059202,bearish,False,True,False,False,False,False,13,bearish_seed_13,前五日明顯下跌、長上影、長下影、強紅K、強勢收漲
2025-04-02,1519.TW,1519,華城,66,current_snapshot,366.1156921386719,378.0991821289063,360.33056640625,364.0495910644531,352.4952392578125,13912284.0,0.0,0.0,False,False,False,,False,3.291719118594686,1.0215708929459255,-0.5675328650082063,0.0,2.3255736066816284,-5.348839046628949,355.37188720703125,2.9511926933433883,2.383659828335182,7924555.8,0.4303914583687337,-12.37816760624706,265.7024841308594,-0.2701475550241228,-27.01475550241228,bearish,False,True,False,False,False,False,14,bearish_seed_14,前五日明顯下跌、長上影、強勢收漲
2025-04-02,2492.TW,2492,華新科,100,current_snapshot,88.0999984741211,91.9000015258789,87.30000305175781,91.0999984741211,87.90492248535156,1361211.0,0.0,0.0,False,False,False,,False,0.8781592372749275,0.8781508625277717,3.293084577660245,0.4535164849423254,0.5668934436510373,0.7936473610684613,88.19999694824219,-0.1097678109725769,3.183316766687668,1281410.6,0.0586245629810513,-10.269710963875054,66.5,-0.2700329186186457,-27.00329186186457,bearish,False,True,False,False,False,False,15,bearish_seed_15,前五日明顯下跌、強紅K、強勢收漲
2025-04-02,6515.TW,6515,穎崴,73,current_snapshot,975.0,1015.0,957.0,964.0,938.59228515625,1778527.0,0.0,0.0,False,False,False,,False,4.149377593360995,0.7261410788381742,-1.1410788381742738,0.2053388090349076,2.3613963039014374,-1.1293634496919918,974.0,0.1037344398340249,-1.0373443983402488,1279316.4,0.2806876701899943,-13.873873873873874,704.0,-0.2697095435684647,-26.97095435684648,bearish,False,True,False,False,False,False,16,bearish_seed_16,前五日明顯下跌、長上影
2025-04-02,6139.TW,6139,亞翔,85,current_snapshot,237.0,244.5,234.5,241.0,225.0402984619141,2348639.0,0.0,0.0,False,False,False,,False,1.4522821576763485,1.0373443983402488,1.6597510373443984,0.8403361344537815,0.8403361344537815,0.8403361344537815,238.0,-0.4149377593360996,1.2448132780082988,2945912.6,-0.2543062599233003,-8.823529411764707,176.0,-0.2697095435684647,-26.97095435684648,bearish,False,True,False,False,False,False,17,bearish_seed_17,前五日明顯下跌
2021-04-09,3661.TW,3661,世芯-KY,56,current_snapshot,812.0,812.0,812.0,812.0,769.75439453125,609255.0,0.0,0.0,False,False,False,,False,0.0,0.0,0.0,1.441241685144124,0.0,-1.3303769401330376,902.0,-11.083743842364532,-11.083743842364532,1761960.0,-1.8919910382352216,-1.3933547695605577,593.0,-0.2697044334975369,-26.97044334975369,bearish,False,True,False,False,False,False,18,bearish_seed_18,相對五日均量縮、明顯收跌
2025-04-02,6805.TW,6805,富世達,93,current_snapshot,592.0,597.0,576.0,584.0,575.5258178710938,1004510.0,0.0,0.0,False,False,False,,False,0.8561643835616438,1.36986301369863,-1.36986301369863,1.5254237288135597,2.8813559322033897,0.0,590.0,0.3424657534246575,-1.0273972602739725,1437560.4,-0.4311061114374171,-15.843023255813954,426.5,-0.2696917808219178,-26.96917808219178,bearish,False,True,False,False,False,False,19,bearish_seed_19,前五日明顯下跌、相對五日均量縮
2021-04-12,3661.TW,3661,世芯-KY,56,current_snapshot,731.0,731.0,731.0,731.0,692.968505859375,86787.0,0.0,0.0,False,False,False,,False,0.0,0.0,0.0,0.0,0.0,0.0,812.0,-11.080711354309166,-11.080711354309166,1199886.6,-12.825649002730826,-0.1107419712070874,534.0,-0.2694938440492476,-26.94938440492476,bearish,False,True,False,False,False,False,20,bearish_seed_20,相對五日均量縮、明顯收跌
