pattern_id,direction,seed_rank,seed_date,seed_ticker,seed_future_return_3d_pct,frequency,hit_rate_5pct,hit_rate_5pct_pct,mean_future_return_3d_pct,median_future_return_3d_pct,std_future_return_3d_pct,mean_distance,mean_similarity,min_similarity,mean_directional_return_pct,pattern_score,auto_description
bullish_seed_07,bullish,7,2023-01-13,6919.TW,39.99999999999999,17,0.47058823529411764,47.05882352941176,3.089737548932478,1.26582278481013,6.035636782955478,2.0339466262907533,0.33177200605978185,0.3012197233817017,3.089737548932478,1.3942995917223728,前五日明顯上漲、相對五日均量縮、長下影、強紅K、強勢收漲
bullish_seed_20,bullish,20,2025-04-09,6415.TW,32.91731669266771,23,0.4782608695652174,47.82608695652174,2.8613750533066855,3.6608810154280698,7.363624988553642,2.7723959879245945,0.2668449197991075,0.24323970391532723,2.8613750533066855,1.1605392251623323,前五日明顯下跌、強黑K、明顯收跌
bullish_seed_11,bullish,11,2023-07-07,2356.TW,37.4439491800197,18,0.2777777777777778,27.77777777777778,1.64295917525402,0.9919955230961299,4.245196797945218,1.9307503771353476,0.34387999536128494,0.31575150003156266,1.64295917525402,0.4620976308482126,相對五日均量縮、長上影
bullish_seed_10,bullish,10,2020-04-21,6515.TW,37.86982248520709,21,0.19047619047619047,19.047619047619047,1.6295269286564618,0.79681299604714,5.207494689348932,1.4938627752926177,0.4035329590068142,0.3653442152135461,1.6295269286564618,0.3871562014836167,相對五日均量縮、長上影、明顯收跌
bullish_seed_17,bullish,17,2021-05-17,2615.TW,32.99233304731517,16,0.375,37.5,1.3973838388526367,2.500411809662365,8.2099458014608,8.632601267953707,0.10407128983277361,0.09699776515210519,1.3973838388526367,0.1545102160027141,前五日明顯下跌、長上影、長下影、強紅K、明顯收跌
bullish_seed_16,bullish,16,2020-06-19,3661.TW,32.99620733249051,22,0.18181818181818182,18.181818181818183,0.5203327614058615,-0.601630409378255,6.7548068793785765,1.7344558332045523,0.36658782429225806,0.3472215522140315,0.5203327614058615,0.10874330339597542,強勢收漲
bullish_seed_01,bullish,1,2021-03-30,6805.TW,57.773118971380356,20,0.15,15.0,0.524173151897996,-0.399951151004455,4.707732316813075,2.066772239896348,0.3274348416129567,0.30072926506701836,0.524173151897996,0.07838087378390247,前五日明顯上漲、相對五日均量縮
bullish_seed_03,bullish,3,2021-02-17,6770.TW,43.455500642938496,19,0.21052631578947367,21.052631578947366,0.3547208843776734,-1.1173184357541799,8.009971223882571,2.22965306326174,0.3101738436204426,0.2961840497533078,0.3547208843776734,0.06939070803355395,相對五日均量明顯放大、強紅K、強勢收漲
bullish_seed_04,bullish,4,2024-04-01,6919.TW,41.970810465162636,18,0.16666666666666666,16.666666666666664,0.508587839991841,0.73115860517435,5.11048111331498,3.0873547566950115,0.24603568808872067,0.22149763379488027,0.508587839991841,0.06140664746348464,相對五日均量明顯放大、長上影、強紅K、強勢收漲
bullish_seed_02,bullish,2,2023-07-10,2356.TW,47.52251745266898,22,0.045454545454545456,4.545454545454546,-0.6800371901764344,-0.452478509776125,3.8404669286678494,1.1347385168872206,0.47053185515257306,0.4354578170437219,-0.6800371901764344,0.0,相對五日均量縮、強黑K
bullish_seed_08,bullish,8,2021-02-05,6770.TW,38.93280874004516,21,0.047619047619047616,4.761904761904762,-0.04209043606765624,-0.31999863949215,2.6399753369824572,0.635178119493971,0.613385971833676,0.5853256283268645,-0.04209043606765624,0.0,一般K線結構，需看圖判讀
bullish_seed_05,bullish,5,2024-03-29,6919.TW,41.47287240059054,23,0.21739130434782608,21.73913043478261,-0.8505763056060633,0.57034802368942,9.524350215553898,66.21098456004103,0.014883064822837353,0.014795870996462753,-0.8505763056060633,0.0,相對五日均量明顯放大、長上影、長下影、強紅K、明顯收跌
bullish_seed_12,bullish,12,2021-03-29,6805.TW,34.45378592516219,18,0.0,0.0,-4.798224441829555,-4.398873040336905,4.6751026335254675,2.554794977567355,0.28264115839907195,0.26225811172911656,-4.798224441829555,0.0,前五日明顯上漲、長上影、長下影
bullish_seed_09,bullish,9,2020-04-20,6515.TW,38.11594202898551,18,0.0,0.0,-1.5019028376033512,0.0,3.8029350038010596,1.8439510589327703,0.3539234228680833,0.3209386589674812,-1.5019028376033512,0.0,前五日明顯上漲、相對五日均量縮、長下影
bullish_seed_06,bullish,6,2020-04-22,6515.TW,40.59701492537313,19,0.10526315789473684,10.526315789473683,-2.676713565303093,-2.30089209191276,7.227531589444665,2.527471690528993,0.28468957998697925,0.2630405516002324,-2.676713565303093,0.0,前五日明顯上漲、長下影
bullish_seed_13,bullish,13,2024-06-26,6919.TW,33.69368819503096,23,0.13043478260869565,13.043478260869565,-0.071536029108884,0.0,5.924645465697004,1.4008119026203965,0.41773154714130395,0.39597715940612227,-0.071536029108884,0.0,強紅K、強勢收漲
bullish_seed_15,bullish,15,2020-03-19,6415.TW,33.0,17,0.35294117647058826,35.294117647058826,-0.5103649931026232,1.40449438202248,10.067122282105693,5.162471002755553,0.16455248618510887,0.1445281435129128,-0.5103649931026232,0.0,前五日明顯下跌、長上影、長下影、強黑K
bullish_seed_14,bullish,14,2025-01-17,6770.TW,33.000005086263016,17,0.11764705882352941,11.76470588235294,-0.19313706520746354,-0.3921583587048,4.654150622895916,1.366157993527878,0.4245600122753376,0.39317232389568263,-0.19313706520746354,0.0,長上影、強紅K、強勢收漲
bullish_seed_18,bullish,18,2020-06-18,6531.TW,32.99120234604105,20,0.25,25.0,-0.7294670805723235,-1.2357532783652,8.526512026231956,2.1720321108768346,0.31659231284443823,0.29286554496624495,-0.7294670805723235,0.0,前五日明顯上漲、強紅K、強勢收漲
bullish_seed_19,bullish,19,2020-06-19,6531.TW,32.93333333333332,17,0.29411764705882354,29.411764705882355,-0.8291136036407694,-1.57728706624605,10.237431399485194,2.097695982310881,0.32558061511058745,0.2945141959686695,-0.8291136036407694,0.0,前五日明顯上漲、強紅K、強勢收漲
