feature_name,importance,normalized_weight
volatility_10d,0.18984642186309694,0.1898464218630969
avg_abs_body_3d,0.1419927985866091,0.14199279858660907
drawdown_from_high_10d_pct,0.09677671556970216,0.09677671556970213
avg_upper_shadow_3d,0.0930476566050235,0.09304765660502348
avg_lower_shadow_3d,0.06508249053905651,0.0650824905390565
rebound_from_low_10d_pct,0.0397046422355401,0.03970464223554009
close_pattern_pct,0.03773227354594658,0.037732273545946576
return_10d_pct,0.03688601304565072,0.036886013045650715
return_5d_pct,0.03209817425273796,0.032098174252737956
upper_shadow_pct,0.027727781456634182,0.027727781456634175
return_3d_pct,0.026690565429970385,0.026690565429970378
body_pct,0.026460076483390934,0.026460076483390927
lower_shadow_pct,0.02456363434911243,0.024563634349112424
trend_5d_pct,0.024150443808158655,0.024150443808158648
open_pattern_pct,0.023869378515183844,0.023869378515183837
prev_upper_shadow_pct,0.02348135389542682,0.023481353895426813
volume_vs_ma5_ratio,0.017347544435301347,0.017347544435301343
prev_body_pct,0.01728887271478601,0.017288872714786005
prev_lower_shadow_pct,0.017189682916814414,0.01718968291681441
volume_ratio_3d_10d,0.01595300841919774,0.015953008419197737
volume_ratio_today_10d,0.015843764740413137,0.015843764740413133
up_days_10d,0.004197589659702074,0.004197589659702073
down_days_3d,0.002069116932544652,0.0020691169325446515
