ticker,stock_id,name,rank,total_labeled_days,bullish_count,bearish_count,neutral_count,avg_future_return_3d_pct,median_future_return_3d_pct,max_future_return_3d_pct,min_future_return_3d_pct,bullish_rate_pct,bearish_rate_pct
1326.TW,1326,台化,51,1908,58,77,1773,-0.15222051360575337,-0.12863957228332334,21.50170444063322,-17.35985281476721,3.039832285115304,4.035639412997904
3481.TW,3481,群創,52,1890,212,171,1507,0.09193522786655037,-0.11321387504921732,26.296290644892938,-23.64217188148795,11.216931216931217,9.047619047619047
2379.TW,2379,瑞昱,53,1908,172,132,1604,0.3028734529550324,0.38210284296193997,19.287833827893188,-16.981132075471695,9.014675052410901,6.918238993710692
4904.TW,4904,遠傳,54,1908,9,30,1869,0.04180378444335491,0.14620440879892227,7.705196365213363,-13.062570499668402,0.4716981132075472,1.5723270440251573
6770.TW,6770,力積電,55,1192,131,130,931,0.07060121091990552,-0.3418611785131864,43.4555006429385,-24.605681251365084,10.98993288590604,10.906040268456376
3661.TW,3661,世芯-KY,56,1909,477,360,1072,0.8299502095828631,0.5300353356890497,32.99620733249051,-27.0509977827051,24.9869041382923,18.85804085908853
2449.TW,2449,京元電子,57,1907,199,142,1566,0.41520102844000767,0.24419931265025063,22.580643077298568,-22.04126212599985,10.435238594651285,7.446250655479811
3034.TW,3034,聯詠,58,1909,185,150,1574,0.26008811414194516,0.2277904328018332,24.913892078071175,-17.000000000000004,9.690937663698271,7.85751702462022
2615.TW,2615,萬海,59,1908,237,194,1477,0.4093204080673772,0.0,32.99233304731517,-26.913876089321963,12.421383647798741,10.167714884696016
2313.TW,2313,華通,60,1908,230,173,1505,0.24575406059768104,0.13821001102164443,27.755098926777745,-27.02479086631586,12.054507337526205,9.067085953878406
2801.TW,2801,彰銀,61,1908,8,19,1881,0.07579814239124932,0.02481168890837715,7.945204130701078,-12.387386686241753,0.41928721174004197,0.9958071278825996
2002.TW,2002,中鋼,62,1908,57,43,1808,-0.008426062136796988,0.0,18.181818181818187,-18.666670057508693,2.9874213836477987,2.2536687631027252
2207.TW,2207,和泰車,63,1907,103,83,1721,0.13378224869636124,0.0,28.611116683395068,-23.668032362075998,5.40115364446775,4.352385946512848
1590.TW,1590,亞德客-KY,64,1909,261,229,1419,0.22781133782411322,0.0,27.926661305187483,-25.0,13.672079622839185,11.995809324253536
3044.TW,3044,健鼎,65,1908,128,111,1669,0.25780331023495867,0.15303552411322086,27.564102564102555,-26.732673267326735,6.708595387840671,5.817610062893082
1519.TW,1519,華城,66,1908,297,192,1419,0.7487671482416541,0.2007059012556489,30.13245993771887,-27.014755502412278,15.566037735849056,10.062893081761008
2337.TW,2337,旺宏,67,1911,197,177,1537,0.10717645590828251,0.0,30.645165811151266,-21.609198910066453,10.308738880167452,9.262166405023548
3036.TW,3036,文曄,68,1904,127,102,1675,0.2442251493174611,0.1244526111624511,24.14734130268654,-19.402985074626866,6.670168067226891,5.357142857142857
4938.TW,4938,和碩,69,1907,60,77,1770,0.03561286535991654,0.13907993323909462,19.11111337167246,-20.852540860767952,3.1463030938647085,4.037755637126376
2376.TW,2376,技嘉,70,1908,249,198,1461,0.32793942655470315,0.20940925609514993,25.748502994011968,-26.72064777327935,13.050314465408805,10.377358490566039
2356.TW,2356,英業達,71,1908,73,94,1741,0.15898419600853214,0.19920854169505064,47.52251745266898,-20.886808090897503,3.8259958071278826,4.926624737945493
2618.TW,2618,長榮航,72,1911,146,108,1657,0.22101146783465023,0.0,20.597019480235534,-23.38308792905498,7.639979068550497,5.651491365777081
6515.TW,6515,穎崴,73,1395,292,220,883,0.5864346540445102,0.12135922330096527,40.59701492537313,-31.450979195389095,20.93189964157706,15.770609318996415
2912.TW,2912,統一超,74,1908,20,24,1864,-0.022367855270111855,0.0,8.199643493761144,-10.068027210884356,1.0482180293501049,1.257861635220126
5876.TW,5876,上海商銀,75,1907,31,46,1830,0.05773947380232952,0.10822990072421046,13.575760836346484,-15.744683218587275,1.6255899318300997,2.412165705296277
6239.TW,6239,力成,76,1908,107,99,1702,0.17244766915498272,0.267939898009828,21.333333333333336,-29.894179894179896,5.6079664570230605,5.188679245283019
2609.TW,2609,陽明,77,1920,245,184,1491,0.4141937921024474,0.0,32.85714104062036,-26.873388425972166,12.760416666666666,9.583333333333334
5871.TW,5871,中租-KY,78,1909,108,114,1687,0.12213465253710658,0.26041760906925226,20.474402734012443,-22.06611711207004,5.657412257726559,5.971712938711367
2404.TW,2404,漢唐,79,1900,159,107,1634,0.4759727928476421,0.4618962280252603,25.848142164781905,-18.639053254437865,8.368421052631579,5.631578947368421
2409.TW,2409,友達,80,1903,180,163,1560,0.05051027580846558,0.0,18.983050847457616,-25.61403241073875,9.458749343142408,8.565423016290067
6213.TW,6213,聯茂,81,1908,256,205,1447,0.22108712496458283,0.0,31.43176509453067,-27.04545223351681,13.417190775681343,10.744234800838575
3533.TW,3533,嘉澤,82,1907,246,160,1501,0.4136048693589566,0.23364449009988242,20.19002052240357,-26.573426573426573,12.899842684845305,8.390141583639224
1101.TW,1101,台泥,83,1907,35,48,1824,-0.000210844147459096,0.0,13.839283167910988,-13.513506617308602,1.8353434714210803,2.5170424750917673
2324.TW,2324,仁寶,84,1907,41,53,1813,0.10078848372614052,0.13088805251819657,19.620250923374005,-26.85185294201449,2.149973780807551,2.779234399580493
6139.TW,6139,亞翔,85,1908,235,154,1519,0.5364288367776584,0.19474455096377685,25.988700466893455,-26.970954356846477,12.316561844863731,8.071278825995808
1802.TW,1802,台玻,86,1920,201,155,1564,0.18418441555142226,0.0,25.303642943111427,-26.946112264022727,10.46875,8.072916666666668
2834.TW,2834,臺企銀,87,1908,30,30,1848,0.18050416239146005,0.1876560823280804,13.745698428639596,-13.900007411060667,1.5723270440251573,1.5723270440251573
1605.TW,1605,華新,88,1908,207,152,1549,0.20253202616526078,0.0,32.74336252792425,-26.597941290471972,10.849056603773585,7.966457023060797
1504.TW,1504,東元,89,1907,89,57,1761,0.22791858615485283,0.0,28.676470588235304,-15.113119410173937,4.667016255899319,2.9889879391714733
3702.TW,3702,大聯大,90,1899,57,58,1784,0.08011667276727268,0.19920014462413427,20.57142711821056,-17.96875,3.0015797788309637,3.0542390731964195
7750.TW,7750,新代,91,362,59,26,277,0.8904884469665542,0.0,21.5547703180212,-33.45323741007194,16.298342541436465,7.18232044198895
6415.TW,6415,矽力*-KY,92,1903,367,335,1201,0.22219625309724908,-0.26041666666666297,33.00000000000001,-25.83333333333333,19.28533893851813,17.603783499737258
6805.TW,6805,富世達,93,1200,293,193,714,1.0176400011287452,0.2654309245520903,57.773118971380356,-26.96917808219178,24.416666666666668,16.083333333333332
1402.TW,1402,遠東新,94,1908,32,56,1820,0.03592576756682711,0.1602539610189302,14.615384615384608,-16.006596027200427,1.6771488469601679,2.9350104821802936
6531.TW,6531,愛普*,95,1796,347,269,1180,0.6181236851864476,0.13281360237052953,32.99120234604105,-26.755218216318788,19.320712694877507,14.977728285077951
6789.TW,6789,采鈺,96,1119,144,132,843,-0.036946334426884685,-0.19267822736031004,20.535714285714278,-26.813186813186817,12.868632707774799,11.796246648793565
6919.TW,6919,康霈*,97,703,174,94,435,1.4286347508873039,0.5420054200542035,41.97081046516264,-47.02258966555445,24.751066856330013,13.371266002844951
3532.TW,3532,台勝科,98,1900,233,250,1417,0.004073988802991372,-0.32626514232185766,26.634960680494824,-24.487337368046692,12.263157894736842,13.157894736842104
2347.TW,2347,聯強,99,1908,40,51,1817,0.08873489103965582,0.14074979246918584,14.650770318640284,-20.460706862340295,2.0964360587002098,2.6729559748427674
2492.TW,2492,華新科,100,1908,255,235,1418,0.18049808916595309,0.0,32.35294117647059,-27.003291861864575,13.364779874213836,12.316561844863731
